OSHPD_ID,FAC_NAME,HEALTH_SVC_AREA,LIC_STATUS,C_YOP,TYPE_LIC,TYPE_SVC_PRINCIPAL,NICU_BED_LIC,HOSP_BED_LIC_TOTL,NEWBORN_NURSRY_BASSINETS,NEWBORN_NURSRY_INFANTS,PSY_CENS_PATIENT_<=17,INPATIENT_PALLIATIVE_CARE_PROG_OFFERED,ANESTHESIOLOGIST,OP_AVAILABILITY,PHYSICIAN_A,PSY_A,EMS_ADM_VIS_TOTL,SURG_IP,AMB_SURG_PROG,BIRTHS_LIVE_TOTL
106010735,ALAMEDA HOSPITAL, East Bay,1,4,1,1,1,1,0,0,0,0,1,1,1,0,1,1,0,1
106010739,ALTA BATES SUMMIT MED CTR-ALTA BATES CAMPUS, East Bay,1,4,1,1,3,1,80,5693,0,1,1,1,1,1,2,1,1,4
106010776,CHILDRENS HOSPITAL AND RESEARCH CTR AT OAKLAND, East Bay,1,4,1,5,3,1,0,0,0,0,1,1,1,1,2,1,1,1
106010782,THUNDER ROAD CHEMICAL DEPENDENCY RECOVERY HOSPITAL, East Bay,1,3,4,4,1,1,0,0,0,0,0,0,0,0,1,1,0,1
106010811,FAIRMONT HOSPITAL, East Bay,1,4,1,2,1,1,0,0,0,0,0,0,0,0,1,1,0,1
106010844,ALTA BATES SUMMIT MED CTR-HERRICK CAMPUS, East Bay,1,4,1,3,1,1,0,0,4,0,0,0,0,0,1,1,0,1
106010846,HIGHLAND HOSPITAL, East Bay,1,4,1,1,1,1,20,1135,0,1,1,1,1,1,2,1,1,1
106010856,KAISER FND HOSP - OAKLAND CAMPUS, East Bay,0,4,1,0,1,1,0,0,0,0,0,0,0,0,1,1,0,1
106010858,KAISER FND HOSP - HAYWARD/FREMONT, East Bay,0,3,1,1,1,1,20,1005,0,1,1,1,1,1,1,1,0,1
106010887,KINDRED HOSPITAL - SAN FRANCISCO BAY AREA, East Bay,1,3,1,1,1,1,0,0,0,0,0,0,0,0,1,1,0,1
106010937,ALTA BATES SUMMIT MED CTR-SUMMIT CAMPUS-HAWTHORNE, East Bay,1,4,1,1,1,2,0,0,0,1,1,1,1,1,2,1,1,1
106010967,ST. ROSE HOSPITAL, East Bay,1,3,1,1,1,1,24,798,0,0,1,1,1,0,1,1,1,1
106010983,VALLEY MEMORIAL HOSPITAL, East Bay,1,3,1,2,1,1,0,0,0,0,0,0,0,0,1,1,0,1
106010987,WASHINGTON HOSPITAL - FREMONT, East Bay,1,3,1,1,1,1,22,1724,0,0,1,1,1,1,2,1,0,1
106013619,SAN LEANDRO HOSPITAL, East Bay,1,3,1,1,1,1,0,0,0,0,1,1,1,1,1,1,1,1
106013626,ALTA BATES SUMMIT MED CTR-SUMMIT CAMPUS-SUMMIT, East Bay,1,4,1,1,1,1,0,0,0,0,0,0,0,0,1,1,1,1
106013687,MPI CHEMICAL DEPENDENCY RECOVERY HOSPITAL, East Bay,1,2,4,4,1,1,0,0,0,0,0,0,0,0,1,1,0,1
106014034,FREMONT HOSPITAL, East Bay,1,2,2,3,1,1,0,0,8,0,0,0,0,0,1,1,0,1
106014050,VALLEYCARE MEDICAL CENTER, East Bay,1,2,1,1,1,1,0,1294,0,0,1,1,1,0,2,1,1,1
106014132,KAISER FND HOSP - FREMONT, East Bay,1,1,1,1,1,1,0,0,0,1,1,1,1,1,1,1,0,1
106014207,TELECARE HERITAGE PSYCHIATRIC HEALTH FACILITY, East Bay,1,1,3,3,1,1,0,0,0,0,0,0,1,0,1,1,0,1
106014226,TELECARE WILLOW ROCK CENTER, East Bay,1,1,3,3,1,1,0,0,8,0,0,0,0,0,1,1,0,1
106014233,EDEN MEDICAL CENTER, East Bay,1,6,1,1,1,1,11,1393,0,1,1,1,1,1,1,1,0,1
106014326,KAISER FND HOSP - OAKLAND/RICHMOND, East Bay,1,6,1,1,2,1,6,2189,0,1,1,1,1,1,2,2,1,2
106014337,KAISER FND HOSP - SAN LEANDRO, East Bay,1,6,1,1,1,1,8,1807,0,1,1,1,1,1,1,1,0,1
106034002,SUTTER AMADOR HOSPITAL, North San Joaquin,1,1,1,1,1,1,8,319,0,0,1,1,1,0,1,1,0,1
106040802,BIGGS GRIDLEY MEMORIAL HOSPITAL, Northern California,1,4,1,1,1,1,0,0,0,0,0,0,1,0,1,1,0,1
106040828,ENLOE MEDICAL CENTER - COHASSET, Northern California,1,3,1,3,1,1,0,0,0,0,0,0,0,0,1,1,0,1
106040875,FEATHER RIVER HOSPITAL, Northern California,1,4,1,1,1,1,18,911,0,0,1,1,1,1,1,1,1,1
106040937,OROVILLE HOSPITAL, Northern California,1,3,1,1,1,1,10,442,0,1,1,1,1,1,2,1,1,1
106040962,ENLOE MEDICAL CENTER- ESPLANADE, Northern California,1,4,1,1,1,1,22,1592,0,1,1,1,1,0,3,2,1,1
106044006,BUTTE COUNTY MENTAL HEALTH SERVICES, Northern California,1,2,3,3,1,1,0,0,0,0,0,0,0,0,1,1,0,1
106044011,ENLOE REHABILITATION CENTER, Northern California,1,2,1,6,1,1,0,0,0,0,0,0,0,0,1,1,0,1
106050932,MARK TWAIN MEDICAL CENTER, North San Joaquin,1,4,1,1,1,1,0,0,0,1,1,1,1,0,1,1,1,1
106060870,COLUSA REGIONAL MEDICAL CENTER, Northern California,1,4,1,1,1,1,6,158,0,0,1,1,1,0,1,1,1,1
106070904,DOCTORS MEDICAL CENTER - SAN PABLO, East Bay,0,4,1,1,1,1,0,0,0,0,1,1,1,1,1,1,1,1
106070924,CONTRA COSTA REGIONAL MEDICAL CENTER, East Bay,1,4,1,1,1,1,6,2245,0,1,1,1,1,1,1,1,0,2
106070934,SUTTER DELTA MEDICAL CENTER, East Bay,1,3,1,1,1,1,20,1000,0,1,1,1,1,1,2,1,1,1
106070988,JOHN MUIR MEDICAL CENTER-WALNUT CREEK CAMPUS, East Bay,1,3,1,1,3,2,0,2407,0,1,1,1,1,1,2,2,0,2
106070990,KAISER FND HOSP - WALNUT CREEK, East Bay,1,4,1,1,2,1,32,3224,0,1,1,1,1,1,2,1,1,2
106071018,JOHN MUIR MEDICAL CENTER-CONCORD CAMPUS, East Bay,1,4,1,1,1,1,0,0,0,1,1,1,1,1,2,1,0,1
106074011,SAN RAMON REGIONAL MEDICAL CENTER SOUTH BUILDING, East Bay,1,2,1,8,1,1,0,0,0,0,0,0,0,0,1,1,0,1
106074017,SAN RAMON REGIONAL MEDICAL CENTER, East Bay,1,2,1,1,1,1,17,778,0,0,1,1,1,0,1,1,1,1
106074039,JOHN MUIR BEHAVIORAL HEALTH CENTER, East Bay,1,2,2,3,1,1,0,0,5,0,0,0,0,0,1,1,0,1
106074093,KAISER FND HOSP - RICHMOND CAMPUS, East Bay,1,2,1,1,1,1,0,0,0,1,1,1,1,1,1,1,1,1
106074097,KAISER FOUND HSP-ANTIOCH, East Bay,1,1,1,1,1,1,10,1511,0,1,1,1,1,1,1,1,0,1
106084001,SUTTER COAST HOSPITAL, Northern California,1,4,1,1,1,1,4,302,0,0,1,1,1,1,1,1,1,1
106090793,BARTON MEMORIAL HOSPITAL, Golden Empire,1,3,1,1,1,1,9,314,0,0,1,1,1,1,1,1,1,1
106090933,MARSHALL  MEDICAL CENTER (1-RH), Golden Empire,1,3,1,1,1,1,12,531,0,1,1,1,1,0,1,1,1,1
106094002,EL DORADO COUNTY P H F, Golden Empire,1,2,3,3,1,1,0,0,0,0,0,0,0,0,1,1,0,1
106100005,CLOVIS COMMUNITY MEDICAL CENTER, Central,1,2,1,1,1,1,8,4601,0,1,1,1,1,0,1,1,1,3
106100697,COALINGA REGIONAL MEDICAL CENTER, Central,1,4,1,1,1,1,0,0,0,0,0,0,1,1,1,1,0,1
106100717,COMMUNITY REGIONAL MEDICAL CENTER-FRESNO, Central,1,4,1,1,5,2,70,5133,0,0,1,1,1,1,3,3,1,4
106100793,ADVENTIST MEDICAL CENTER-SELMA, Central,1,3,1,1,1,1,15,273,0,0,1,1,1,0,1,1,0,1
106100797,ADVENTIST MEDICAL CENTER - REEDLEY, Central,1,3,1,1,1,1,25,1422,0,0,1,1,1,0,1,1,1,1
106100899,ST. AGNES MEDICAL CENTER, Central,1,3,1,1,1,2,30,3180,0,1,1,1,1,1,3,2,0,2
106104008,COMMUNITY BEHAVIORAL HEALTH CENTER, Central,1,2,1,3,1,1,0,0,0,0,0,0,0,0,1,1,0,1
106104023,SAN JOAQUIN VALLEY REHABILITATION HOSPITAL, Central,1,2,1,6,1,1,0,0,0,0,0,0,0,0,1,1,0,1
106104047,FRESNO SURGICAL HOSPITAL, Central,1,2,1,1,1,1,0,0,0,0,0,0,0,0,1,1,1,1
106104062,KAISER FND HOSP - FRESNO, Central,1,2,1,1,1,1,0,1051,0,1,1,1,1,1,1,1,1,1
106104089,CRESTWOOD PSYCHIATRIC HEALTH FACILITY-FRESNO, Central,1,1,3,3,1,1,0,0,0,0,0,0,0,0,1,1,0,1
106105029,FRESNO HEART AND SURGICAL HOSPITAL, Central,1,1,1,1,1,1,0,0,0,0,0,0,0,0,1,1,1,1
106105051,DEPARTMENT OF STATE HOSPITAL - COALINGA, Central,1,1,2,3,1,3,0,0,0,0,0,0,0,0,1,1,0,1
106110889,GLENN MEDICAL CENTER, Northern California,1,4,1,1,1,1,0,0,0,0,0,0,1,0,1,1,1,1
106120981,"GENERAL HOSPITAL, THE", Northern California,1,4,1,1,1,1,0,0,0,0,0,0,0,0,1,1,1,1
106121002,MAD RIVER COMMUNITY HOSPITAL, Northern California,1,3,1,1,1,1,0,596,0,0,1,1,1,0,1,1,1,1
106121031,JEROLD PHELPS COMMUNITY HOSPITAL, Northern California,1,3,1,8,1,1,0,0,0,0,0,0,1,0,1,1,0,1
106121051,REDWOOD MEMORIAL HOSPITAL, Northern California,1,3,1,1,1,1,8,359,0,1,1,1,1,0,1,1,1,1
106121080,ST. JOSEPH HOSPITAL - EUREKA, Northern California,1,4,1,1,1,1,14,462,0,1,1,1,1,0,1,1,1,1
106124004,SEMPERVIRENS P.H.F., Northern California,1,2,3,3,1,1,0,0,0,0,0,0,0,0,1,1,0,1
106130699,EL CENTRO REGIONAL MEDICAL CENTER, San Diego/Imperial,1,3,1,1,1,1,19,1102,0,0,1,1,1,1,1,1,1,1
106130760,PIONEERS MEMORIAL HEALTHCARE DISTRICT, San Diego/Imperial,1,4,1,1,1,1,25,1737,0,0,1,1,1,1,1,1,1,1
106141273,NORTHERN INYO HOSPITAL, Inland Counties,1,4,1,1,1,1,6,225,0,0,1,1,1,1,1,1,0,1
106141338,SOUTHERN INYO HOSPITAL, Inland Counties,1,4,1,2,1,1,0,0,0,0,0,0,1,0,1,1,0,1
106150706,DELANO REGIONAL MEDICAL CENTER, Central,1,3,1,1,1,1,20,825,0,0,1,1,1,0,1,1,1,1
106150722,BAKERSFIELD MEMORIAL HOSPITAL, Central,1,3,1,1,2,2,10,3180,0,0,1,1,1,0,2,2,0,2
106150736,KERN MEDICAL CENTER, Central,1,4,1,1,2,1,0,2201,0,0,1,1,1,1,1,1,0,2
106150737,KERN VALLEY HEALTHCARE DISTRICT, Central,1,3,1,2,1,1,0,0,0,0,0,0,1,0,1,1,1,1
106150761,MERCY HOSPITAL - BAKERSFIELD, Central,1,4,1,1,1,1,0,0,0,1,1,1,1,0,1,1,1,1
106150775,GOOD SAMARITAN HOSPITAL-BAKERSFIELD, Central,1,3,1,3,1,1,0,0,6,0,1,1,1,0,1,1,0,1
106150782,RIDGECREST REGIONAL HOSPITAL, Central,1,4,1,1,1,1,0,455,0,0,1,1,1,0,1,1,0,1
106150788,SAN JOAQUIN COMMUNITY HOSPITAL, Central,1,3,1,1,1,1,23,3076,0,1,1,1,1,1,3,2,1,2
106150808,TEHACHAPI HOSPITAL, Central,1,4,1,1,1,1,0,0,0,0,0,0,1,0,1,1,0,1
106154022,HEALTHSOUTH BAKERSFIELD REHABILITATION HOSPITAL, Central,1,2,1,6,1,1,0,0,0,0,0,0,0,0,1,1,0,1
106154101,BAKERSFIELD HEART HOSPITAL, Central,1,1,1,1,1,1,0,0,0,0,1,1,1,1,1,1,0,1
106154108,MERCY SOUTHWEST HOSPITAL, Central,1,2,1,1,1,1,18,0,0,1,1,1,1,0,1,1,1,2
106154160,CRESTWOOD PSYCHIATRIC HEALTH FACILITY 2, Central,1,1,3,3,1,1,0,0,0,0,0,0,0,0,1,1,0,1
106160787,CENTRAL VALLEY GENERAL HOSPITAL, Central,1,4,1,1,1,1,6,2128,0,0,0,0,0,0,1,1,0,2
106164029,ADVENTIST MEDICAL CENTER, Central,1,1,1,1,1,1,0,0,0,0,1,1,1,1,2,1,1,1
106171049,ST. HELENA HOSPITAL - CLEARLAKE, Northern California,1,3,1,1,1,1,4,166,0,0,1,1,1,0,1,1,1,1
106171395,SUTTER LAKESIDE HOSPITAL, Northern California,1,2,1,1,1,1,6,306,0,0,1,1,1,0,1,1,1,1
106184008,BANNER LASSEN MEDICAL CENTER, Northern California,1,1,1,1,1,1,6,279,0,0,1,1,1,0,1,1,0,1
106190017,ALHAMBRA HOSPITAL MEDICAL CENTER, Los Angeles,1,4,1,1,1,1,0,0,0,0,1,1,1,1,1,1,1,1
106190020,BHC ALHAMBRA HOSPITAL, Los Angeles,1,4,2,3,1,1,0,0,23,0,0,0,0,0,1,1,0,1
106190034,ANTELOPE VALLEY HOSPITAL, Los Angeles,1,4,1,1,3,2,0,4783,0,1,1,1,1,1,3,2,1,3
106190045,CATALINA ISLAND MEDICAL CENTER, Los Angeles,1,4,1,1,1,1,0,0,0,0,0,0,1,0,1,1,0,1
106190049,KINDRED HOSPITAL BALDWIN PARK, Los Angeles,1,4,1,1,1,1,0,0,0,0,0,0,0,0,1,1,0,1
106190052,BARLOW RESPIRATORY HOSPITAL, Los Angeles,1,4,1,1,1,1,0,0,0,0,0,0,1,0,1,1,0,1
106190053,ST. MARY MEDICAL CENTER - LONG BEACH, Los Angeles,1,4,1,1,2,1,25,2480,0,1,1,1,1,0,2,1,1,2
106190081,BEVERLY HOSPITAL, Los Angeles,1,4,1,1,1,1,17,799,0,0,1,1,1,1,1,1,0,1
106190110,SOUTHERN CALIFORNIA HOSPITAL AT CULVER CITY, Los Angeles,1,4,1,1,1,2,0,0,0,0,1,1,1,1,2,1,0,1
106190125,CALIFORNIA HOSPITAL MEDICAL CENTER - LOS ANGELES, Los Angeles,1,4,1,1,2,1,61,3437,0,0,1,1,1,1,2,1,1,3
106190137,CASA COLINA HOSPITAL FOR REHAB MEDICINE, Los Angeles,1,3,1,6,1,1,0,0,0,0,0,0,0,0,1,1,0,1
106190148,CENTINELA HOSPITAL MEDICAL CENTER, Los Angeles,1,4,1,1,1,1,29,794,0,0,1,1,1,1,3,1,0,1
106190150,KEDREN COMMUNITY MENTAL HEALTH CENTER, Los Angeles,1,3,2,3,1,1,0,0,9,0,0,0,0,0,1,1,0,1
106190155,CENTURY CITY DOCTORS HOSPITAL, Los Angeles,0,3,1,0,1,1,0,0,0,0,0,0,0,0,1,1,0,1
106190159,GARDENS REGIONAL HOSPITAL AND MEDICAL CENTER, Los Angeles,1,3,1,1,1,1,0,0,0,0,1,1,1,1,1,1,1,1
106190163,AURORA CHARTER OAK, Los Angeles,1,4,2,3,1,1,0,0,10,0,0,0,1,0,1,1,0,1
106190170,CHILDRENS HOSPITAL OF LOS ANGELES, Los Angeles,1,4,1,5,5,2,0,0,0,1,1,1,1,1,2,2,1,1
106190176,CITY OF HOPE HELFORD CLINICAL RESEARCH HOSPITAL, Los Angeles,1,4,1,8,1,1,0,0,0,1,0,0,0,0,1,1,1,1
106190184,COLLEGE HOSPITAL, Los Angeles,1,3,2,3,1,1,0,0,20,0,0,0,0,0,1,1,0,1
106190196,KINDRED HOSPITAL SOUTH BAY, Los Angeles,1,3,1,8,1,1,0,0,0,0,1,1,1,0,1,1,0,1
106190197,COMMUNITY HOSPITAL OF HUNTINGTON PARK, Los Angeles,1,3,1,1,1,1,0,0,0,0,1,1,1,1,1,1,1,1
106190198,LOS ANGELES COMMUNITY HOSPITAL, Los Angeles,1,3,1,1,1,1,16,96,0,0,1,1,1,1,1,1,0,1
106190200,SAN GABRIEL VALLEY MEDICAL CENTER, Los Angeles,1,3,1,1,1,1,22,2957,0,0,1,1,1,1,1,1,1,2
106190232,DEL AMO HOSPITAL, Los Angeles,1,3,2,3,1,1,0,0,11,0,0,0,0,0,1,1,0,1
106190240,LAKEWOOD REGIONAL MEDICAL CENTER, Los Angeles,1,3,1,1,1,1,0,0,0,0,1,1,1,0,2,1,0,1
106190243,PIH HOSPITAL - DOWNEY, Los Angeles,1,3,1,1,1,1,17,948,0,0,1,1,1,1,2,1,1,1
106190256,EAST LOS ANGELES DOCTORS HOSPITAL, Los Angeles,1,4,1,1,1,1,13,490,0,0,1,1,1,1,1,1,1,1
106190280,ENCINO HOSPITAL MEDICAL CENTER, Los Angeles,1,4,1,1,1,1,0,0,0,0,1,1,1,1,1,1,1,1
106190298,FOOTHILL PRESBYTERIAN HOSPITAL-JOHNSTON MEMORIAL, Los Angeles,1,3,1,1,1,1,8,777,0,1,1,1,1,0,1,1,1,1
106190305,KINDRED HOSPITAL - LOS ANGELES, Los Angeles,1,3,1,1,1,1,0,0,0,0,0,0,0,0,1,1,0,1
106190307,PACIFIC ALLIANCE MEDICAL CENTER, Los Angeles,1,4,1,1,1,1,12,2448,0,0,0,0,0,0,1,1,1,2
106190315,GARFIELD MEDICAL CENTER, Los Angeles,1,4,1,1,1,1,26,4485,0,0,1,1,1,1,2,1,1,3
106190317,GATEWAYS HOSPITAL AND MENTAL HEALTH CENTER, Los Angeles,1,3,2,3,1,1,0,0,7,0,0,0,0,0,1,1,0,1
106190323,GLENDALE ADVENTIST MEDICAL CENTER, Los Angeles,1,4,1,1,1,2,22,2245,0,0,1,1,1,0,3,1,0,2
106190328,GLENDORA COMMUNITY HOSPITAL, Los Angeles,1,3,1,1,1,1,0,185,0,0,1,1,1,1,1,1,0,1
106190352,GREATER EL MONTE COMMUNITY HOSPITAL, Los Angeles,1,3,1,1,1,1,13,455,0,0,1,1,1,1,1,1,0,1
106190380,SOUTHERN CALIFORNIA HOSPITAL AT HOLLYWOOD, Los Angeles,1,3,1,1,1,1,0,0,0,0,1,1,1,1,1,1,0,1
106190382,HOLLYWOOD PRESBYTERIAN MEDICAL CENTER, Los Angeles,1,4,1,1,1,2,35,3053,0,0,1,1,1,0,2,1,1,2
106190385,PROVIDENCE HOLY CROSS MEDICAL CENTER, Los Angeles,1,3,1,1,1,1,24,3057,0,1,1,1,1,1,2,2,1,2
106190392,GOOD SAMARITAN HOSPITAL-LOS ANGELES, Los Angeles,1,4,1,1,2,2,10,3276,0,0,1,1,1,0,1,1,1,2
106190400,HUNTINGTON MEMORIAL HOSPITAL, Los Angeles,1,4,1,1,3,2,48,3283,0,1,1,1,1,1,3,3,0,2
106190410,SILVER LAKE MEDICAL CENTER-INGLESIDE CAMPUS, Los Angeles,1,4,1,3,1,1,0,0,0,0,0,0,1,0,1,1,0,1
106190413,CITRUS VALLEY MEDICAL CENTER - IC CAMPUS, Los Angeles,1,4,1,1,1,1,0,0,0,1,1,1,1,0,2,1,1,1
106190422,TORRANCE MEMORIAL MEDICAL CENTER, Los Angeles,1,3,1,1,2,2,28,2819,0,1,1,1,1,1,3,2,1,2
106190429,KAISER FND HOSP - LOS ANGELES, Los Angeles,1,4,1,1,2,2,0,2237,0,1,1,1,1,1,2,3,1,2
106190431,KAISER FND HOSP - SOUTH BAY, Los Angeles,1,3,1,1,1,1,0,2071,0,1,1,1,1,1,2,2,1,2
106190432,KAISER FND HOSP - PANORAMA CITY, Los Angeles,1,3,1,1,2,1,29,1983,0,1,1,1,1,1,1,1,1,2
106190434,KAISER FND HOSP - WEST LA, Los Angeles,1,3,1,1,1,1,28,1582,0,1,1,1,1,1,2,1,0,1
106190449,KINDRED HOSPITAL - LA MIRADA, Los Angeles,1,3,1,1,1,1,0,0,0,0,0,0,0,0,1,1,0,1
106190458,KINDRED HOSPITAL - SAN GABRIEL VALLEY, Los Angeles,1,4,1,1,1,1,0,0,0,0,0,0,0,0,1,1,0,1
106190462,AURORA LAS ENCINAS HOSPITAL, Los Angeles,1,4,2,3,1,1,0,0,0,0,0,0,1,0,1,1,0,1
106190468,PROMISE HOSPITAL OF EAST LOS ANGELES-EAST L.A. CAMPUS, Los Angeles,1,4,1,1,1,1,0,0,0,0,0,0,0,0,1,1,0,1
106190470,PROVIDENCE LITTLE COMPANY OF MARY MC - TORRANCE, Los Angeles,1,3,1,1,2,2,22,2470,0,1,1,1,1,1,3,1,1,2
106190475,COMMUNITY HOSPITAL LONG BEACH, Los Angeles,1,4,1,1,1,1,0,0,0,0,1,1,1,1,1,1,1,1
106190500,MARINA DEL REY HOSPITAL, Los Angeles,1,3,1,1,1,1,0,0,0,0,1,1,1,1,1,1,0,1
106190517,PROVIDENCE TARZANA MEDICAL CENTER, Los Angeles,1,3,1,1,2,1,31,2446,0,1,1,1,1,1,2,1,1,2
106190521,MEMORIAL HOSPITAL OF GARDENA, Los Angeles,1,4,1,1,1,1,18,974,0,0,1,1,1,1,1,1,1,1
106190522,GLENDALE MEMORIAL HOSPITAL AND HEALTH CENTER, Los Angeles,1,4,1,1,1,1,14,1727,0,1,1,1,1,1,2,1,1,1
106190524,MISSION COMMUNITY HOSPITAL - PANORAMA CAMPUS, Los Angeles,1,3,1,1,1,1,0,0,0,0,1,1,1,1,2,1,0,1
106190525,LONG BEACH MEMORIAL MEDICAL CENTER, Los Angeles,1,3,1,1,1,2,0,0,0,1,1,1,1,1,3,2,1,1
106190529,METHODIST HOSPITAL OF SOUTHERN CALIFORNIA, Los Angeles,1,3,1,1,1,1,0,1922,0,1,1,1,1,1,2,1,0,1
106190534,OLYMPIA MEDICAL CENTER, Los Angeles,1,4,1,1,1,1,0,0,0,0,1,1,1,0,1,1,1,1
106190541,MONROVIA MEMORIAL HOSPITAL, Los Angeles,1,4,1,1,1,1,0,0,0,0,0,0,0,0,1,1,0,1
106190547,MONTEREY PARK HOSPITAL, Los Angeles,1,3,1,1,1,1,30,1751,0,0,1,1,1,1,1,1,1,1
106190552,MOTION PICTURE AND TELEVISION HOSPITAL, Los Angeles,1,4,1,1,1,1,0,0,0,1,0,0,0,0,1,1,0,1
106190555,CEDARS SINAI MEDICAL CENTER, Los Angeles,1,4,1,1,3,3,80,6012,0,1,1,1,1,1,3,3,0,4
106190568,NORTHRIDGE HOSPITAL MEDICAL CENTER, Los Angeles,1,4,1,1,2,2,22,1071,4,1,1,1,1,1,2,1,0,1
106190570,NORWALK COMMUNITY HOSPITAL, Los Angeles,1,4,1,1,1,1,0,0,0,0,1,1,1,1,1,1,1,1
106190587,COLLEGE MEDICAL CENTER, Los Angeles,1,4,1,1,1,1,9,358,0,0,1,1,1,1,1,1,0,1
106190599,PROMISE HOSPITAL OF EAST LOS ANGELES-SUBURBAN CAMPUS, Los Angeles,1,3,1,1,1,1,0,0,0,0,0,0,0,0,1,1,1,1
106190630,POMONA VALLEY HOSPITAL MEDICAL CENTER, Los Angeles,1,4,1,1,3,2,41,6389,0,1,1,1,1,0,2,1,0,4
106190631,PRESBYTERIAN INTERCOMMUNITY HOSPITAL, Los Angeles,1,3,1,1,2,2,0,3625,0,0,1,1,1,1,3,2,0,3
106190636,CITRUS VALLEY MEDICAL CENTER - QV CAMPUS, Los Angeles,1,3,1,1,2,1,50,3634,0,1,1,1,1,0,2,1,1,3
106190646,KAISER FND HOSP - MENTAL HEALTH CENTER, Los Angeles,1,4,1,3,1,1,0,0,0,0,0,0,0,0,1,1,0,1
106190661,SILVER LAKE MEDICAL CENTER-DOWNTOWN CAMPUS, Los Angeles,1,3,1,1,1,1,0,0,0,0,1,1,1,1,1,1,1,1
106190673,SAN DIMAS COMMUNITY HOSPITAL, Los Angeles,1,3,1,1,1,1,0,585,0,0,1,1,1,1,1,1,0,1
106190680,PROVIDENCE LITTLE COMPANY OF MARY MC - SAN PEDRO, Los Angeles,1,4,1,1,1,1,18,613,0,1,1,1,1,1,1,1,0,1
106190681,MIRACLE MILE MEDICAL CENTER, Los Angeles,1,4,1,1,1,1,0,0,0,0,1,1,1,1,1,1,0,1
106190687,SANTA MONICA - UCLA MEDICAL CENTER AND ORTHOPAEDIC HOSPITAL, Los Angeles,1,4,1,1,1,1,35,1452,0,1,1,1,1,1,2,2,1,1
106190696,PACIFICA HOSPITAL OF THE VALLEY, Los Angeles,1,4,1,1,1,1,335,335,0,0,1,1,1,1,1,1,1,1
106190708,SHERMAN OAKS HOSPITAL, Los Angeles,1,3,1,1,1,1,0,0,0,0,1,1,1,1,2,1,1,1
106190712,SHRINERS HOSPITAL FOR  CHILDREN, Los Angeles,1,4,1,5,1,1,0,0,0,0,1,1,1,0,1,1,0,1
106190754,ST. FRANCIS MEDICAL CENTER, Los Angeles,1,4,1,1,2,1,40,5064,0,1,1,1,1,1,2,1,1,3
106190756,PROVIDENCE SAINT JOHNS HEALTH CENTER, Los Angeles,1,4,1,1,1,1,24,2039,0,1,1,1,1,1,2,2,1,2
106190758,PROVIDENCE SAINT JOSEPH MEDICAL CENTER, Los Angeles,1,4,1,1,1,2,32,0,0,1,1,1,1,1,2,2,0,2
106190762,ST. VINCENT MEDICAL CENTER, Los Angeles,1,4,1,1,1,1,0,0,0,0,1,1,1,0,3,1,0,1
106190766,COAST PLAZA HOSPITAL, Los Angeles,1,3,1,1,1,1,0,0,0,0,1,1,1,1,1,1,1,1
106190782,TARZANA TREATMENT CENTER, Los Angeles,1,3,2,3,1,1,0,0,0,0,0,0,0,0,1,1,0,1
106190784,TEMPLE COMMUNITY HOSPITAL, Los Angeles,0,4,1,1,1,1,0,0,0,0,0,0,0,0,1,1,0,1
106190796,RONALD REAGAN UCLA MEDICAL CENTER, Los Angeles,1,4,1,1,2,2,35,1724,0,1,1,1,1,1,2,3,1,1
106190812,VALLEY PRESBYTERIAN HOSPITAL, Los Angeles,1,3,1,1,2,1,58,3335,0,0,1,1,1,1,2,1,0,2
106190818,USC VERDUGO HILLS HOSPITAL, Los Angeles,1,3,1,1,1,1,14,568,0,0,1,1,1,0,1,1,1,1
106190854,LOS ANGELES METROPOLITAN MEDICAL CENTER, Los Angeles,0,3,1,0,1,1,0,0,0,0,0,0,0,0,1,1,0,1
106190857,"DOCTORS HOSPITAL OF WEST COVINA, INC", Los Angeles,1,3,1,1,1,1,0,0,0,0,0,0,0,0,1,1,0,1
106190859,WEST HILLS HOSPITAL AND MEDICAL CENTER, Los Angeles,1,3,1,1,1,1,11,782,0,0,1,1,1,0,2,1,0,1
106190878,WHITE MEMORIAL MEDICAL CENTER, Los Angeles,1,4,1,1,2,1,32,3283,0,0,1,1,1,0,2,1,0,2
106190883,WHITTIER HOSPITAL MEDICAL CENTER, Los Angeles,1,3,1,1,1,1,32,3445,0,0,1,1,1,1,1,1,0,2
106190930,RESNICK NEUROPSYCHIATRIC HOSPITAL AT UCLA, Los Angeles,1,3,2,3,1,1,0,0,17,0,0,0,0,0,1,1,0,1
106190949,HENRY MAYO NEWHALL HOSPITAL, Los Angeles,1,3,1,1,1,1,19,1331,0,1,1,1,1,1,2,1,1,1
106190958,DEPARTMENT OF STATE HOSPITAL-METROPOLITAN, Los Angeles,1,6,2,3,1,3,0,0,0,0,0,0,0,0,1,1,0,1
106191014,LANTERMAN DEVELOPMENTAL CENTER, Los Angeles,1,3,1,7,1,3,0,0,0,0,0,0,0,0,1,1,0,1
106191216,"USC KENNETH NORRIS, JR. CANCER HOSPITAL", Los Angeles,1,2,1,8,1,1,0,0,0,1,0,0,0,0,1,1,1,1
106191225,TOM REDGATE MEMORIAL RECOVERY CENTER, Los Angeles,1,2,4,4,1,1,0,0,0,0,0,0,0,0,1,1,0,1
106191227,LAC/HARBOR-UCLA MEDICAL CENTER, Los Angeles,1,4,1,1,2,2,26,841,0,1,1,1,1,1,3,2,1,1
106191228,LAC+USC MEDICAL CENTER, Los Angeles,1,4,1,1,2,2,0,807,6,1,1,1,1,1,3,3,0,1
106191230,MARTIN LUTHER KING JR.-HARBOR HOSPITAL, Los Angeles,1,3,1,0,3,2,0,0,0,0,0,0,0,0,1,1,0,1
106191231,LOS ANGELES COUNTY OLIVE VIEW-UCLA MEDICAL CENTER, Los Angeles,1,3,1,1,1,1,0,422,0,1,1,1,1,1,2,1,1,1
106191306,LAC/RANCHO LOS AMIGOS NATIONAL REHAB CENTER, Los Angeles,1,3,1,1,1,1,0,0,0,0,0,0,0,0,1,1,1,1
106191450,KAISER FND HOSP - WOODLAND HILLS, Los Angeles,1,2,1,1,1,1,18,1460,0,0,1,1,1,1,2,1,1,1
106194010,AMERICAN RECOVERY CENTER, Los Angeles,1,2,4,4,1,1,0,0,0,0,0,0,0,0,1,1,0,1
106194219,KECK HOSPITAL OF USC, Los Angeles,1,2,1,1,1,2,0,0,0,1,0,0,0,0,1,3,1,1
106194967,STAR VIEW ADOLESCENT - P H F, Los Angeles,1,1,3,3,1,1,0,0,14,0,0,0,0,0,1,1,0,1
106194981,LA CASA PSYCHIATRIC HEALTH FACILITY, Los Angeles,1,1,3,3,1,1,0,0,0,0,0,0,0,0,1,1,0,1
106196035,KAISER FND HOSP - BALDWIN PARK, Los Angeles,1,1,1,1,1,1,41,2620,0,1,1,1,1,1,2,2,1,2
106196168,EARL AND LORAINE MILLER CHILDRENS HOSPITAL, Los Angeles,1,1,1,5,6,1,48,5035,0,1,0,0,0,0,1,2,1,4
106196403,KAISER FOUNDATION HOSPITAL - DOWNEY, Los Angeles,1,1,1,1,3,1,0,3198,0,1,1,1,1,1,3,2,1,2
106196404,JOYCE EISENBERG KEEFER MEDICAL CENTER, Los Angeles,1,1,2,3,1,1,0,0,0,0,0,0,1,0,1,1,0,1
106196405,PALMDALE REGIONAL MEDICAL CENTER, Los Angeles,1,1,1,1,1,1,0,0,0,0,1,1,1,0,2,2,1,1
106197931,EXODUS RECOVERY P.H.F., Los Angeles,1,6,3,3,1,1,0,0,0,0,0,0,0,0,1,1,0,1
106201281,MADERA COMMUNITY HOSPITAL, Central,1,3,1,1,1,1,21,1404,0,0,1,1,1,1,1,1,1,1
106204019,CHILDRENS HOSPITAL CENTRAL CALIFORNIA, Central,1,1,1,5,6,1,0,0,0,1,1,1,1,1,2,2,1,1
106210992,KAISER FND HOSP - SAN RAFAEL, West Bay,1,3,1,1,1,1,0,0,0,1,1,1,1,1,1,1,1,1
106210993,KENTFIELD REHABILITATION AND SPECIALTY HOSPITAL, West Bay,1,3,1,1,1,1,0,0,0,0,0,0,0,0,1,1,0,1
106211006,MARIN GENERAL HOSPITAL, West Bay,1,4,1,1,1,1,8,1261,0,0,1,1,1,1,2,1,1,1
106214034,NOVATO COMMUNITY HOSPITAL, West Bay,1,1,1,1,1,1,0,0,0,1,1,1,1,0,1,1,1,1
106220733,JOHN C FREMONT HEALTHCARE DISTRICT, Central,1,4,1,1,1,1,0,0,0,0,0,0,1,0,1,1,1,1
106230949,FRANK R HOWARD MEMORIAL HOSPITAL, Northern California,1,4,1,1,1,1,0,0,0,0,1,1,1,1,1,1,1,1
106231013,MENDOCINO COAST DISTRICT HOSPITAL, Northern California,1,3,1,1,1,1,1,133,0,0,1,1,1,1,1,1,1,1
106231396,UKIAH VALLEY MEDICAL CENTER, Northern California,1,2,1,1,1,1,0,796,0,0,1,1,1,1,1,1,1,1
106240924,MEMORIAL HOSPITAL LOS BANOS, North San Joaquin,1,3,1,1,1,1,12,695,0,0,1,1,1,0,1,1,0,1
106240942,MERCY MEDICAL CENTER - MERCED, North San Joaquin,1,4,1,1,1,1,30,2740,0,1,1,1,1,0,2,1,1,2
106244027,MARIE GREEN PSYCHIATRIC CENTER - P H F, North San Joaquin,1,1,3,3,1,1,0,0,0,0,0,0,0,0,1,1,0,1
106250955,SURPRISE VALLEY COMMUNITY HOSPITAL, Northern California,1,4,1,8,1,1,0,0,0,0,0,0,1,0,1,1,0,1
106250956,MODOC MEDICAL CENTER, Northern California,1,4,1,1,1,1,0,1,0,0,0,0,1,0,1,1,1,1
106260011,MAMMOTH HOSPITAL, Inland Counties,1,2,1,1,1,1,3,95,0,0,1,1,1,1,1,1,0,1
106270744,COMMUNITY HOSPITAL OF THE MONTEREY PENINSULA,Mid-Coast,1,3,1,1,1,1,8,1118,0,1,1,1,1,1,2,2,1,1
106270777,GEORGE L MEE MEMORIAL HOSPITAL,Mid-Coast,1,3,1,1,1,1,0,479,0,0,1,1,1,0,1,1,0,1
106270875,SALINAS VALLEY MEMORIAL HOSPITAL,Mid-Coast,1,4,1,1,1,1,34,1785,0,1,1,1,1,1,1,1,1,1
106274043,NATIVIDAD MEDICAL CENTER,Mid-Coast,1,1,1,1,1,1,18,2229,0,1,1,0,1,0,1,1,0,2
106281047,QUEEN OF THE VALLEY HOSPITAL - NAPA, North Bay,1,3,1,1,1,1,8,674,0,1,1,1,1,1,3,1,0,1
106281078,ST. HELENA HOSPITAL, North Bay,1,4,1,1,1,1,0,256,0,0,1,1,1,1,1,1,1,1
106281266,NAPA STATE HOSPITAL, North Bay,1,4,2,3,1,3,0,0,0,0,0,0,0,0,1,1,0,1
106291023,SIERRA NEVADA MEMORIAL HOSPITAL, Golden Empire,1,3,1,1,1,1,10,442,0,1,1,1,1,0,1,1,1,1
106291053,TAHOE FOREST HOSPITAL, Golden Empire,1,4,1,1,1,1,8,366,0,0,1,1,1,0,1,1,1,1
106300032,CHILDRENS HOSPITAL OF ORANGE COUNTY, Orange,1,2,1,5,4,1,0,0,0,0,1,1,1,1,2,1,1,1
106300225,ORANGE COAST MEMORIAL MEDICAL CENTER, Orange,1,2,1,1,1,1,20,1422,0,1,1,1,1,0,2,1,1,1
106301097,ANAHEIM GENERAL HOSPITAL, Orange,0,3,1,0,1,1,0,0,0,0,0,0,0,0,1,1,0,1
106301098,AHMC ANAHEIM REGIONAL MEDICAL CENTER, Orange,1,3,1,1,1,1,12,1702,0,0,1,1,1,1,2,1,0,1
106301109,ANAHEIM GENERAL HOSPITAL - BUENA PARK CAMPUS, Orange,0,3,1,0,1,1,0,0,0,0,0,0,0,0,1,1,0,1
106301127,KINDRED HOSPITAL BREA, Orange,1,2,1,1,1,1,0,0,0,0,1,1,1,0,1,1,0,1
106301132,KAISER FND HOSP - ORANGE COUNTY - LAKEVIEW, Orange,0,3,1,0,1,1,0,0,0,0,0,0,0,0,1,1,0,1
106301140,CHAPMAN MEDICAL CENTER, Orange,1,3,1,1,1,1,0,0,0,0,1,1,1,0,1,1,1,1
106301155,COLLEGE HOSPITAL COSTA MESA, Orange,1,3,1,3,1,1,0,0,9,0,1,1,1,1,1,1,1,1
106301167,KINDRED HOSPITAL - SANTA ANA, Orange,1,3,1,1,1,1,0,0,0,0,0,0,0,0,1,1,0,1
106301175,FOUNTAIN VALLEY RGNL HOSP AND MED CTR - EUCLID, Orange,1,3,1,1,2,1,55,3352,0,0,1,1,1,1,2,2,1,2
106301188,WESTERN MEDICAL CENTER ANAHEIM, Orange,1,3,1,1,1,1,14,1153,0,0,1,1,1,1,1,1,1,1
106301205,HOAG MEMORIAL HOSPITAL PRESBYTERIAN, Orange,1,4,1,1,2,2,28,6050,0,1,1,1,1,1,3,2,1,4
106301209,HUNTINGTON BEACH HOSPITAL, Orange,1,3,1,1,1,1,0,0,0,0,1,1,1,1,1,1,0,1
106301234,LA PALMA INTERCOMMUNITY HOSPITAL, Orange,1,3,1,1,1,1,13,465,0,0,1,1,1,1,1,1,0,1
106301248,LOS ALAMITOS MEDICAL CENTER, Orange,1,3,1,1,1,1,19,1401,0,0,1,1,1,1,2,1,0,1
106301258,COASTAL COMMUNITIES HOSPITAL, Orange,1,3,1,1,1,1,20,932,0,0,1,1,1,1,1,1,1,1
106301262,MISSION HOSPITAL REGIONAL MEDICAL CENTER, Orange,1,3,1,1,1,1,20,2558,0,1,1,1,1,0,3,2,0,2
106301279,UNIVERSITY OF CALIFORNIA IRVINE MEDICAL CENTER, Orange,1,4,1,1,3,2,35,45,6,1,1,1,1,1,3,2,1,1
106301283,GARDEN GROVE HOSPITAL AND MEDICAL CENTER, Orange,1,3,1,1,1,1,12,1791,0,0,1,1,1,1,1,1,0,1
106301297,PLACENTIA LINDA HOSPITAL, Orange,1,3,1,1,1,1,0,0,0,0,1,1,1,1,1,1,0,1
106301304,NEWPORT BAY HOSPITAL, Orange,1,3,2,3,1,1,0,0,0,0,0,0,0,0,1,1,0,1
106301317,SADDLEBACK MEMORIAL MEDICAL CENTER, Orange,1,3,1,1,1,1,24,2507,0,0,1,1,1,1,2,1,1,2
106301325,SADDLEBACK MEMORIAL MEDICAL CENTER - SAN CLEMENTE, Orange,1,3,1,1,1,1,0,0,0,0,1,1,1,1,1,1,0,1
106301337,MISSION HOSPITAL LAGUNA BEACH, Orange,1,3,1,1,1,1,0,0,0,0,1,1,1,0,1,1,0,1
106301340,ST. JOSEPH HOSPITAL - ORANGE, Orange,1,3,1,1,1,2,51,4628,0,1,1,1,1,1,2,3,1,3
106301342,ST. JUDE MEDICAL CENTER, Orange,1,3,1,1,1,1,12,2213,0,1,1,1,1,1,2,1,1,2
106301357,NEWPORT SPECIALTY HOSPITAL, Orange,1,3,1,2,1,1,0,0,0,0,0,0,1,0,1,1,0,1
106301379,WEST ANAHEIM MEDICAL CENTER, Orange,1,3,1,1,1,1,0,0,0,0,1,1,1,1,2,1,0,1
106301380,KINDRED HOSPITAL WESTMINSTER, Orange,1,3,1,1,1,1,0,0,0,0,0,0,0,0,1,1,0,1
106301566,WESTERN MEDICAL CENTER - SANTA ANA, Orange,1,3,1,1,1,1,16,1854,0,0,1,1,1,0,1,1,1,1
106301781,FAIRVIEW DEVELOPMENTAL CENTER, Orange,1,3,1,7,1,3,0,0,0,0,0,0,0,0,1,1,0,1
106304039,FOUNTAIN VALLEY RGNL HOSP AND MED CTR - WARNER, Orange,1,2,1,1,1,1,0,0,0,0,0,0,0,0,1,1,0,1
106304045,HOAG HOSPITAL IRVINE, Orange,1,2,1,1,1,1,0,0,0,1,1,1,1,1,1,1,1,1
106304079,HEALTHSOUTH TUSTIN REHABILITATION HOSPITAL, Orange,1,2,1,6,1,1,0,0,0,0,0,0,0,0,1,1,0,1
106304113,CHILDRENS HOSPITAL AT MISSION, Orange,1,2,1,5,2,1,0,0,0,1,1,1,1,0,1,1,1,1
106304159,HEALTHBRIDGE CHILDRENS HOSPITAL-ORANGE, Orange,1,1,1,5,1,1,0,0,0,0,0,0,0,0,1,1,0,1
106304306,KAISER FND HOSP - ORANGE COUNTY - IRVINE, Orange,1,1,1,1,1,1,8,2364,0,1,1,1,1,1,2,1,1,2
106304409,KAISER FND HOSP - ORANGE COUNTY - ANAHEIM, Orange,1,6,1,1,1,1,8,3118,0,1,1,1,1,1,2,1,1,2
106304460,HOAG ORTHOPEDIC INSTITUTE, Orange,1,1,1,1,1,1,0,0,0,0,1,1,1,0,1,2,1,1
106310791,SUTTER AUBURN FAITH HOSPITAL, Golden Empire,1,3,1,1,1,1,0,0,0,1,1,1,1,1,1,1,1,1
106311000,SUTTER ROSEVILLE MEDICAL CENTER, Golden Empire,1,1,1,1,1,1,0,2931,0,1,1,1,1,1,3,2,1,2
106314024,KAISER FND HOSP - ROSEVILLE, Golden Empire,1,1,1,1,3,1,30,4695,0,1,1,1,1,1,2,1,1,3
106314029,TELECARE PLACER COUNTY PSYCHIATRIC HEALTH FACILITY, Golden Empire,1,2,3,3,1,1,0,0,0,0,0,0,1,0,1,1,0,1
106320859,EASTERN PLUMAS HOSPITAL-PORTOLA CAMPUS, Northern California,1,3,1,1,1,1,0,0,0,0,1,1,1,0,1,1,0,1
106320986,PLUMAS DISTRICT HOSPITAL, Northern California,1,3,1,1,1,1,0,68,0,0,1,1,1,0,1,1,0,1
106321016,SENECA HEALTHCARE DISTRICT, Northern California,1,4,1,1,1,1,0,0,0,0,1,0,1,0,1,1,0,1
106330120,"BETTY FORD CENTER AT EISENHOWER, THE", Inland Counties,1,2,4,4,1,1,0,0,0,0,0,0,0,0,1,1,0,1
106331145,CORONA REGIONAL MEDICAL CENTER-MAGNOLIA, Inland Counties,1,3,1,3,1,1,0,0,0,0,0,0,0,0,1,1,0,1
106331152,CORONA REGIONAL MEDICAL CENTER-MAIN, Inland Counties,1,3,1,1,1,1,12,1046,0,1,1,1,1,1,2,1,1,1
106331164,DESERT REGIONAL MEDICAL CENTER, Inland Counties,1,4,1,1,2,1,5,2954,0,0,1,1,1,1,3,2,1,2
106331168,EISENHOWER MEDICAL CENTER, Inland Counties,1,3,1,1,1,2,0,0,0,0,1,1,1,1,3,3,1,1
106331194,HEMET VALLEY MEDICAL CENTER, Inland Counties,1,4,1,1,1,2,18,1324,0,0,1,1,1,1,2,1,1,1
106331216,JOHN F KENNEDY MEMORIAL HOSPITAL, Inland Counties,1,3,1,1,1,1,35,2224,0,0,1,1,1,0,1,1,1,2
106331226,VISTA BEHAVIORAL HOSPITAL, Inland Counties,1,3,2,3,1,1,0,0,0,0,0,0,1,0,1,1,0,1
106331288,PALO VERDE HOSPITAL, Inland Counties,1,4,1,1,1,1,6,157,0,0,1,1,1,0,1,1,1,1
106331293,PARKVIEW COMMUNITY HOSPITAL MEDICAL CENTER, Inland Counties,1,3,1,1,1,1,20,2168,0,1,1,1,1,1,2,1,1,2
106331312,RIVERSIDE COMMUNITY HOSPITAL, Inland Counties,1,4,1,1,1,1,21,3068,0,0,1,1,1,1,3,2,0,2
106331326,SAN GORGONIO MEMORIAL HOSPITAL, Inland Counties,1,4,1,1,1,1,10,405,0,0,1,1,1,1,1,1,0,1
106332172,KINDRED HOSPITAL RIVERSIDE, Inland Counties,1,2,1,1,1,1,0,0,0,0,0,0,0,0,1,1,0,1
106334001,SOUTHWEST HEALTHCARE SYSTEM-WILDOMAR, Inland Counties,1,2,1,1,1,1,0,0,0,0,1,1,1,1,2,1,1,1
106334018,MENIFEE VALLEY MEDICAL CENTER, Inland Counties,1,2,1,1,1,1,0,0,0,0,1,1,1,1,1,1,0,1
106334025,KAISER FND HOSP - RIVERSIDE, Inland Counties,1,2,1,1,1,1,6,2762,0,1,1,1,1,1,1,1,0,2
106334048,KAISER FND HOSPITAL - MORENO VALLEY, Inland Counties,1,2,1,1,1,1,12,1107,0,1,1,1,1,1,1,1,0,1
106334068,SOUTHWEST HEALTHCARE SYSTEM-MURRIETA, Inland Counties,1,2,1,1,1,1,8,3284,0,0,1,1,1,1,1,1,1,2
106334457,TELECARE RIVERSIDE COUNTY PSYCHIATRIC HEALTH FACILITY, Inland Counties,1,2,3,3,1,1,0,0,0,0,0,0,0,0,1,1,0,1
106334487,RIVERSIDE COUNTY REGIONAL MEDICAL CENTER, Inland Counties,1,1,1,1,2,2,35,1513,1,1,1,1,1,1,3,1,1,1
106334564,TEMECULA VALLEY HOSPITAL, Inland Counties,1,6,1,1,1,1,0,0,0,0,1,1,1,1,1,1,1,1
106334589,LOMA LINDA UNIVERSITY MEDICAL CENTER-MURRIETA, Inland Counties,1,1,1,1,1,1,14,1176,0,0,1,1,1,0,2,1,0,1
106340913,KAISER FND HOSP - SACRAMENTO, Golden Empire,1,3,1,1,1,1,0,0,0,1,1,1,1,1,2,1,1,1
106340947,MERCY GENERAL HOSPITAL, Golden Empire,1,4,1,1,1,2,2038,0,0,1,1,1,1,1,2,2,1,2
106340950,MERCY SAN JUAN HOSPITAL, Golden Empire,1,3,1,1,2,1,60,1886,0,1,1,1,1,0,3,2,1,2
106340951,METHODIST HOSPITAL OF SACRAMENTO, Golden Empire,1,3,1,1,1,1,30,1827,0,1,1,1,1,0,2,1,1,1
106341006,UNIVERSITY OF CALIFORNIA DAVIS MEDICAL CENTER, Golden Empire,1,4,1,1,3,2,10,1540,0,1,1,1,1,1,3,3,1,1
106341051,SUTTER GENERAL HOSPITAL, Golden Empire,1,2,1,1,1,1,0,0,0,1,1,1,1,1,2,2,1,1
106341052,SUTTER MEMORIAL HOSPITAL, Golden Empire,0,4,1,1,3,1,44,5397,0,1,1,1,1,1,1,1,0,3
106342344,KAISER FND HOSP - SOUTH SACRAMENTO, Golden Empire,1,2,1,1,1,1,0,2237,0,0,1,1,1,0,2,1,0,2
106342392,SIERRA VISTA HOSPITAL, Golden Empire,1,2,2,3,1,1,0,0,16,1,0,0,0,0,1,1,0,1
106344011,SACRAMENTO MENTAL HEALTH TREATMENT CENTER, Golden Empire,1,2,3,3,1,1,0,0,0,0,0,0,0,0,1,1,0,1
106344017,SUTTER CENTER FOR PSYCHIATRY, Golden Empire,1,2,2,3,1,1,0,0,4,0,0,0,0,0,1,1,0,1
106344021,HERITAGE OAKS HOSPITAL, Golden Empire,1,2,2,3,1,1,0,0,9,0,0,0,0,0,1,1,0,1
106344029,MERCY HOSPITAL - FOLSOM, Golden Empire,1,2,1,1,1,1,8,947,0,1,1,1,1,1,2,1,1,1
106344035,VIBRA HOSPITAL OF SACRAMENTO, Golden Empire,1,3,1,1,1,1,0,0,0,0,0,0,0,0,1,1,0,1
106344114,SHRINERS HOSPITALS FOR CHILDREN NORTHERN CALIF., Golden Empire,1,1,1,5,1,1,0,0,0,0,0,0,0,0,1,1,1,1
106344170,CRESTWOOD PSYCHIATRIC HEALTH FACILITY-CARMICHAEL, Golden Empire,1,1,3,3,1,1,0,0,0,0,0,0,0,0,1,1,0,1
106344188,CRESTWOOD PSYCHIATRIC HEALTH FACILITY-SACRAMENTO, Golden Empire,1,6,3,3,1,1,0,0,0,0,0,0,0,0,1,1,0,1
106350784,HAZEL HAWKINS MEMORIAL HOSPITAL,Mid-Coast,1,3,1,1,1,1,13,423,0,1,1,1,1,0,1,1,1,1
106361110,BEAR VALLEY COMMUNITY HOSPITAL, Inland Counties,1,3,1,1,1,1,0,0,0,0,1,1,1,0,1,1,0,1
106361144,CHINO VALLEY MEDICAL CENTER, Inland Counties,1,3,1,1,1,1,0,0,0,0,1,1,1,1,1,1,0,1
106361166,MONTCLAIR HOSPITAL MEDICAL CENTER, Inland Counties,1,3,1,1,1,1,0,1007,0,0,1,1,1,1,1,1,0,1
106361223,KAISER FND HOSP - FONTANA, Inland Counties,1,4,1,1,2,2,0,3511,0,0,1,1,1,1,2,2,1,2
106361245,LOMA LINDA UNIV. MED. CENTER EAST CAMPUS HOSPITAL, Inland Counties,1,3,1,1,1,1,0,0,0,0,1,0,1,0,1,1,1,1
106361246,LOMA LINDA UNIVERSITY MEDICAL CENTER, Inland Counties,1,4,1,1,1,1,11,2081,0,1,1,1,1,1,2,3,1,2
106361266,MOUNTAINS COMMUNITY HOSPITAL, Inland Counties,1,4,1,1,1,1,0,0,0,0,0,1,1,0,1,1,0,1
106361274,KINDRED HOSPITAL ONTARIO, Inland Counties,1,4,1,8,1,1,0,0,0,0,1,1,1,0,1,1,0,1
106361308,REDLANDS COMMUNITY HOSPITAL, Inland Counties,1,4,1,1,1,1,0,2380,0,1,1,1,1,1,2,1,1,2
106361318,SAN ANTONIO COMMUNITY HOSPITAL, Inland Counties,1,4,1,1,1,1,28,1954,0,1,1,1,1,0,2,2,1,2
106361323,COMMUNITY HOSPITAL OF SAN BERNARDINO, Inland Counties,1,3,1,1,1,1,0,1863,0,1,1,1,1,1,2,1,1,2
106361339,ST. BERNARDINE MEDICAL CENTER, Inland Counties,1,4,1,1,1,2,33,1756,0,1,1,1,1,0,2,3,1,2
106361343,ST. MARY MEDICAL CENTER - APPLE VALLEY, Inland Counties,1,3,1,1,1,1,16,1993,0,1,1,1,1,0,2,1,1,2
106361370,VICTOR VALLEY GLOBAL MEDICAL CENTER, Inland Counties,1,3,1,1,1,1,13,1195,0,0,1,1,1,1,1,1,1,1
106361458,COLORADO RIVER MEDICAL CENTER, Inland Counties,1,4,1,1,1,1,0,0,0,0,1,1,1,0,1,1,1,1
106361768,PATTON STATE HOSPITAL, Inland Counties,1,3,2,3,1,3,0,0,0,0,0,0,1,0,1,1,0,1
106362041,HI-DESERT MEDICAL CENTER, Inland Counties,1,3,1,1,1,1,7,455,0,0,1,1,1,1,1,1,1,1
106364014,LOMA LINDA UNIVERSITY BEHAVIORAL MEDICINE CENTER, Inland Counties,1,2,2,3,1,1,0,0,17,0,0,0,0,0,1,1,0,1
106364050,CANYON RIDGE HOSPITAL, Inland Counties,1,2,2,3,1,1,0,0,14,0,0,0,0,0,1,1,0,1
106364121,BALLARD REHABILITATION HOSPITAL, Inland Counties,1,2,1,6,1,1,0,0,0,0,0,0,0,0,1,1,0,1
106364144,DESERT VALLEY HOSPITAL, Inland Counties,1,2,1,1,1,1,0,0,0,0,1,1,1,0,2,1,0,1
106364188,KINDRED HOSPITAL RANCHO, Inland Counties,1,2,1,1,1,1,0,0,0,0,1,1,1,0,1,1,0,1
106364231,ARROWHEAD REGIONAL MEDICAL CENTER, Inland Counties,1,1,1,1,2,2,30,2238,0,1,1,1,1,1,3,2,0,2
106364265,KAISER ONTARIO MEDICAL CENTER CAMPUS, Inland Counties,1,6,1,1,1,1,0,1984,0,0,1,1,1,1,1,1,1,2
106364268,LOMA LINDA UNIVERSITY HEART AND SURGICAL HOSPITAL, Inland Counties,1,1,1,1,1,1,0,0,0,0,0,0,0,0,1,1,1,1
106364430,BARSTOW COMMUNITY HOSPITAL, Inland Counties,1,6,1,1,1,1,6,373,0,0,1,1,1,0,1,1,1,1
106364451,TOTALLY KIDS REHABILITATION HOSPITAL, Inland Counties,1,6,1,2,1,1,0,0,0,0,0,0,1,0,1,1,0,1
106364502,LOMA LINDA UNIVERSITY CHILDRENS HOSPITAL, Inland Counties,1,6,1,1,5,1,1,297,0,0,1,1,1,1,1,1,1,1
106370652,ALVARADO HOSPITAL MEDICAL CENTER, San Diego/Imperial,1,3,1,1,1,1,0,0,0,0,1,1,1,1,1,1,0,1
106370658,SCRIPPS MERCY HOSPITAL - CHULA VISTA, San Diego/Imperial,1,3,1,1,1,1,30,1531,0,1,1,1,1,1,2,1,1,1
106370673,RADY CHILDRENS HOSPITAL - SAN DIEGO, San Diego/Imperial,1,4,1,5,6,2,0,0,11,0,1,1,1,1,2,2,1,1
106370689,SHARP CORONADO HOSPITAL AND HEALTHCARE CENTER, San Diego/Imperial,1,4,1,2,1,1,0,0,0,0,1,1,1,1,1,1,1,1
106370694,SHARP MEMORIAL HOSPITAL, San Diego/Imperial,1,3,1,1,1,2,0,0,0,1,1,1,1,1,3,2,1,1
106370695,SHARP MARY BIRCH HOSPITAL FOR WOMEN AND NEWBORNS, San Diego/Imperial,1,1,1,1,5,1,40,8565,0,0,0,0,0,0,1,2,0,4
106370714,GROSSMONT HOSPITAL, San Diego/Imperial,1,4,1,1,2,2,24,3507,0,1,1,1,1,1,3,2,1,2
106370721,KINDRED HOSPITAL - SAN DIEGO, San Diego/Imperial,1,4,1,8,1,1,0,0,0,0,0,0,0,0,1,1,0,1
106370730,KAISER FND HOSP - SAN DIEGO, San Diego/Imperial,1,3,1,1,2,2,16,3983,0,1,1,1,1,1,3,2,1,3
106370744,SCRIPPS MERCY HOSPITAL, San Diego/Imperial,1,4,1,1,1,2,40,1597,0,1,1,1,1,1,3,2,1,1
106370745,SHARP MESA VISTA HOSPITAL, San Diego/Imperial,1,3,2,3,1,1,0,0,7,0,0,0,0,0,1,1,0,1
106370749,ALVARADO PARKWAY INSTITUTE B.H.S., San Diego/Imperial,1,3,2,3,1,1,0,0,0,0,0,0,0,0,1,1,0,1
106370755,PALOMAR HEALTH DOWNTOWN CAMPUS, San Diego/Imperial,1,4,1,1,1,1,30,3276,0,0,0,0,1,0,1,1,1,2
106370759,PARADISE VALLEY HOSPITAL, San Diego/Imperial,1,3,1,1,1,1,35,1241,0,0,1,1,1,1,2,1,0,1
106370771,SCRIPPS MEMORIAL HOSPITAL - LA JOLLA, San Diego/Imperial,1,3,1,1,1,1,0,3914,0,1,1,1,1,1,2,2,1,2
106370780,TRI-CITY MEDICAL CENTER, San Diego/Imperial,1,3,1,1,1,1,48,2135,0,0,1,1,1,1,3,1,1,2
106370782,UNIVERSITY OF CALIF-SAN DIEGO MEDICAL CENTER, San Diego/Imperial,1,4,1,1,3,1,3,2004,0,1,1,1,1,1,2,2,1,2
106370787,PROMISE HOSPITAL OF SAN DIEGO, San Diego/Imperial,1,3,1,1,1,1,0,0,0,0,1,1,1,0,1,1,1,1
106370875,SHARP CHULA VISTA MEDICAL CENTER, San Diego/Imperial,1,3,1,1,1,1,21,2550,0,0,1,1,1,1,3,1,1,2
106370977,POMERADO HOSPITAL, San Diego/Imperial,1,2,1,1,1,1,19,1384,0,0,1,1,1,0,1,1,1,1
106371256,SCRIPPS GREEN HOSPITAL, San Diego/Imperial,1,2,1,1,1,1,0,0,0,0,0,0,0,0,1,2,0,1
106371394,SCRIPPS MEMORIAL HOSPITAL - ENCINITAS, San Diego/Imperial,1,3,1,1,1,1,3,2145,0,1,1,1,1,0,2,1,0,2
106374024,AURORA SAN DIEGO, San Diego/Imperial,1,2,2,3,1,1,0,0,16,0,0,0,0,0,1,1,0,1
106374049,SHARP MCDONALD CENTER, San Diego/Imperial,1,2,4,4,1,1,0,0,0,0,0,0,0,0,1,1,0,1
106374055,SAN DIEGO COUNTY PSYCHIATRIC HOSPITAL, San Diego/Imperial,1,2,2,3,1,1,0,0,0,0,0,0,1,1,1,1,0,1
106374063,ALVARADO HOSPITAL MEDICAL CENTER, San Diego/Imperial,1,2,1,6,1,1,0,0,0,0,1,1,1,1,1,1,0,1
106374094,VIBRA HOSPITAL OF SAN DIEGO, San Diego/Imperial,1,2,1,1,1,1,0,0,0,0,0,0,0,0,1,1,0,1
106374141,"UCSD-La Jolla, John M/Sally B Thornton Hosp AND Sulpizo Cardiovascular Center", San Diego/Imperial,1,2,1,1,1,1,0,0,0,1,1,1,1,1,1,2,1,1
106374382,PALOMAR MEDICAL CENTER, San Diego/Imperial,1,6,1,1,1,1,0,0,0,0,1,1,1,1,2,2,1,1
106380777,CALIFORNIA PACIFIC MED CTR-CALIFORNIA WEST, West Bay,1,4,1,1,2,1,0,4571,0,1,1,1,1,1,1,1,1,3
106380826,CALIFORNIA PACIFIC MED CTR-CALIFORNIA EAST, West Bay,1,4,1,1,1,1,0,0,0,1,0,0,0,0,1,1,0,1
106380842,JEWISH HOME, West Bay,1,2,2,3,1,2,0,0,0,0,0,0,0,0,1,1,0,1
106380857,KAISER FND HOSP - SAN FRANCISCO, West Bay,1,4,1,1,2,1,22,2683,0,1,1,1,1,1,1,1,1,2
106380865,LAGUNA HONDA HOSPITAL AND REHABILITATION CENTER, West Bay,1,4,1,2,1,2,0,0,0,1,0,0,0,0,1,1,0,1
106380868,LANGLEY PORTER PSYCHIATRIC INSTITUTE, West Bay,1,4,2,3,1,1,0,0,0,0,0,0,0,0,1,1,0,1
106380895,UCSF MEDICAL CENTER AT MOUNT ZION, West Bay,1,4,1,1,1,1,0,0,0,1,0,0,0,0,1,1,1,1
106380929,CALIFORNIA PACIFIC MED CTR-PACIFIC CAMPUS, West Bay,1,3,1,1,1,1,0,0,0,1,1,1,1,1,2,2,1,1
106380933,CALIFORNIA PACIFIC MED CTR-DAVIES CAMPUS, West Bay,1,4,1,1,1,1,0,0,0,1,1,1,1,1,1,1,1,1
106380939,SAN FRANCISCO GENERAL HOSPITAL, West Bay,1,4,1,1,1,2,0,975,0,1,1,1,1,1,3,1,1,1
106380960,ST. FRANCIS MEMORIAL HOSPITAL, West Bay,1,4,1,1,1,1,0,0,0,1,1,1,1,1,1,1,1,1
106380964,CALIFORNIA PACIFIC MEDICAL CENTER - ST. LUKES CAMPUS, West Bay,1,4,1,1,1,1,0,822,0,1,1,1,1,1,1,1,1,1
106380965,"ST. MARYS MEDICAL CENTER, SAN FRANCISCO", West Bay,1,4,1,1,1,2,0,0,5,1,1,1,1,1,1,1,0,1
106381154,UCSF MEDICAL CENTER, West Bay,1,5,1,1,3,2,26,1782,0,1,1,1,1,1,2,3,1,2
106382715,CHINESE HOSPITAL, West Bay,1,4,1,1,1,1,0,0,0,0,1,1,1,1,1,1,1,1
106384200,UCSF MEDICAL CENTER AT MISSION BAY, West Bay,1,6,1,0,3,1,0,0,0,0,0,0,0,0,1,1,0,1
106390846,DAMERON HOSPITAL, North San Joaquin,1,4,1,1,1,1,24,1155,0,0,1,1,1,0,1,1,0,1
106390922,LODI MEMORIAL HOSPITAL - WEST, North San Joaquin,0,3,1,1,1,1,0,0,0,0,0,0,0,0,1,1,0,1
106390923,LODI MEMORIAL HOSPITAL, North San Joaquin,1,4,1,1,1,1,15,1051,0,1,1,1,1,1,2,1,0,1
106391010,SAN JOAQUIN GENERAL HOSPITAL, North San Joaquin,1,4,1,1,2,1,16,1460,0,1,1,1,1,1,2,1,0,2
106391042,ST. JOSEPHS MEDICAL CENTER OF STOCKTON, North San Joaquin,1,4,1,1,2,1,27,2174,0,1,1,1,1,1,3,1,1,2
106391056,SUTTER TRACY COMMUNITY HOSPITAL, North San Joaquin,1,4,1,1,1,1,8,696,0,0,1,1,1,0,1,1,1,1
106392232,ST. JOSEPHS BEHAVIORAL HEALTH CENTER, North San Joaquin,1,3,2,3,1,1,0,0,0,0,0,0,0,0,1,1,0,1
106392287,DOCTORS HOSPITAL OF MANTECA, North San Joaquin,1,3,1,1,1,1,6,698,0,0,1,1,1,1,1,1,1,1
106394003,SAN JOAQUIN COUNTY P.H.F., North San Joaquin,1,2,3,3,1,1,0,0,0,0,0,0,0,0,1,1,0,1
106394009,KAISER FND HOSP-MANTECA, North San Joaquin,1,2,1,1,1,1,0,0,0,1,1,1,1,1,1,1,1,1
106400466,"MARIAN REGIONAL MEDICAL CENTER, ARROYO GRANDE",Mid-Coast,1,3,1,1,1,1,0,0,0,0,1,1,1,1,1,1,1,1
106400480,FRENCH HOSPITAL MEDICAL CENTER,Mid-Coast,1,3,1,1,1,1,8,475,0,0,1,1,1,1,1,1,1,1
106400524,SIERRA VISTA REGIONAL MEDICAL CENTER,Mid-Coast,1,3,1,1,2,1,22,1122,0,0,1,1,1,1,1,1,1,1
106400548,TWIN CITIES COMMUNITY HOSPITAL,Mid-Coast,1,2,1,1,1,1,12,667,0,0,1,1,1,1,1,1,1,1
106400683,ATASCADERO STATE HOSPITAL,Mid-Coast,1,4,2,3,1,3,0,0,0,0,0,0,1,1,1,1,0,1
106404046,SAN LUIS OBISPO CO PSYCHIATRIC HEALTH FACILITY,Mid-Coast,1,1,3,3,1,1,0,0,0,0,0,0,0,0,1,1,0,1
106410742,MILLS  HEALTH CENTER, West Bay,0,4,1,1,1,1,0,0,4,0,0,0,0,0,1,1,1,1
106410782,SAN MATEO MEDICAL CENTER, West Bay,1,4,1,1,1,2,0,0,0,1,1,1,1,1,1,1,1,1
106410804,KAISER FND HOSP - REDWOOD CITY, West Bay,0,3,1,1,1,1,24,4695,0,1,1,1,1,1,1,1,1,1
106410806,KAISER FND HOSP - SOUTH SAN FRANCISCO, West Bay,1,3,1,1,1,1,0,0,0,1,1,1,1,1,1,1,1,1
106410817,SETON MEDICAL CENTER, West Bay,1,3,1,1,1,1,14,547,0,0,1,1,1,0,2,1,1,1
106410828,SETON COASTSIDE, West Bay,1,3,1,2,1,1,0,0,0,0,0,0,1,0,1,1,0,1
106410852,MILLS-PENINSULA MEDICAL CENTER, West Bay,1,4,1,1,1,1,0,2060,0,1,1,1,1,1,2,1,1,2
106410891,SEQUOIA HOSPITAL, West Bay,1,4,1,1,1,1,21,1673,0,1,1,1,1,0,1,1,1,1
106414018,MENLO PARK SURGICAL HOSPITAL, West Bay,1,2,1,1,1,1,0,0,0,0,0,0,0,0,1,1,1,1
106414139,KAISER FND HOSP - REDWOOD CITY, West Bay,1,6,1,0,1,1,0,0,0,0,0,0,0,0,1,1,0,1
106420483,GOLETA VALLEY COTTAGE HOSPITAL, Santa Barbara/Ventura,1,3,1,1,1,1,0,0,0,0,1,1,1,1,1,1,1,1
106420491,LOMPOC VALLEY MEDICAL CENTER, Santa Barbara/Ventura,1,4,1,1,1,1,0,434,0,0,1,1,1,0,1,1,0,1
106420493,MARIAN REGIONAL MEDICAL CENTER, Santa Barbara/Ventura,1,3,1,1,2,2,28,2768,0,0,1,1,1,1,2,1,1,2
106420514,SANTA BARBARA COTTAGE HOSPITAL, Santa Barbara/Ventura,1,4,1,1,2,2,34,2187,0,1,1,1,1,1,2,2,1,2
106420522,SANTA YNEZ VALLEY COTTAGE HOSPITAL, Santa Barbara/Ventura,1,3,1,1,1,1,0,0,0,0,0,0,1,1,1,1,1,1
106424002,SANTA BARBARA PSYCHIATRIC HEALTH FACILITY, Santa Barbara/Ventura,1,2,3,3,1,1,0,0,0,0,0,0,0,0,1,1,0,1
106424047,COTTAGE REHABILITATION HOSPITAL, Santa Barbara/Ventura,1,1,1,6,1,1,0,0,0,0,0,0,0,0,1,1,0,1
106424102,THE CHAMPION CENTER, Santa Barbara/Ventura,1,6,4,0,1,1,0,0,0,0,0,0,0,0,1,1,0,1
106430705,REGIONAL MEDICAL OF SAN JOSE, Santa Clara,1,3,1,1,1,1,20,483,0,1,1,1,1,1,3,1,1,1
106430743,EL CAMINO HOSPITAL LOS GATOS, Santa Clara,1,3,1,1,1,1,8,739,0,0,1,1,1,0,1,1,1,1
106430763,EL CAMINO HOSPITAL, Santa Clara,1,3,1,1,1,1,44,4204,0,1,1,1,1,0,2,1,1,3
106430779,GOOD SAMARITAN HOSPITAL-SAN JOSE, Santa Clara,1,3,1,1,3,2,29,3182,0,0,0,0,1,0,2,2,0,2
106430837,OCONNOR HOSPITAL, Santa Clara,1,4,1,1,1,1,10,3004,0,1,1,1,1,1,2,1,1,2
106430883,SANTA CLARA VALLEY MEDICAL CENTER, Santa Clara,1,4,1,1,2,2,0,3142,0,1,1,1,1,1,3,2,1,2
106430905,STANFORD HOSPITAL, Santa Clara,1,4,1,1,1,2,0,0,0,1,1,1,1,1,3,3,1,1
106430915,MISSION OAKS HOSPITAL, Santa Clara,1,3,1,1,1,1,0,0,0,0,0,0,0,0,1,1,0,1
106431506,KAISER FND HOSP - SAN JOSE, Santa Clara,1,3,1,1,1,1,32,2039,0,1,1,1,1,0,2,1,1,2
106434040,LUCILE SALTER PACKARD CHILDRENS HOSP. AT STANFORD, Santa Clara,1,2,1,5,4,1,64,3743,0,0,0,0,0,0,1,1,1,2
106434051,CHILDRENS RECOVERY CENTER OF NORTHERN CALIFORNIA, Santa Clara,1,2,1,2,1,1,0,0,0,0,0,0,0,0,1,1,0,1
106434138,ST. LOUISE REGIONAL HOSPITAL, Santa Clara,1,1,1,1,1,1,20,531,0,0,1,1,1,0,1,1,0,1
106434153,KAISER FND HOSP - SANTA CLARA, Santa Clara,1,1,1,1,2,1,28,4140,0,1,1,1,1,0,2,2,1,3
106434218,KAISER PERMANENTE P.H.F - SANTA CLARA, Santa Clara,1,1,3,3,1,1,0,0,0,0,0,0,0,0,1,1,0,1
106434220,CRESTWOOD PSYCHIATRIC HEALTH FACILITY-SAN JOSE, Santa Clara,1,1,3,3,1,1,0,0,0,0,0,0,0,0,1,1,0,1
106440755,DOMINICAN HOSPITAL,Mid-Coast,1,3,1,1,1,1,25,667,0,1,1,1,1,1,2,1,1,1
106444012,SUTTER MATERNITY AND SURGERY CENTER OF SANTA CRUZ,Mid-Coast,1,2,1,1,1,1,12,1019,0,0,0,0,0,0,1,1,1,1
106444013,WATSONVILLE COMMUNITY HOSPITAL,Mid-Coast,1,1,1,1,1,1,28,1138,0,0,1,1,1,1,1,1,1,1
106444029,TELECARE SANTA CRUZ PHF,Mid-Coast,1,6,3,3,1,1,0,0,0,0,0,0,0,0,1,1,0,1
106450936,MAYERS MEMORIAL HOSPITAL, Northern California,1,3,1,1,1,1,4,59,0,0,1,1,1,0,1,1,0,1
106450940,SHASTA REGIONAL MEDICAL CENTER, Northern California,1,4,1,1,1,1,0,0,0,0,1,1,1,1,2,1,0,1
106450949,MERCY MEDICAL CENTER - REDDING, Northern California,1,4,1,1,1,1,16,1794,0,1,1,1,1,1,2,1,0,1
106454012,VIBRA HOSPITAL OF NORTHERN CALIFORNIA, Northern California,1,2,1,8,1,1,0,0,0,0,0,0,1,0,1,1,0,1
106454013,PATIENTS HOSPITAL OF REDDING, Northern California,1,2,1,1,1,1,0,0,0,0,1,1,1,0,1,1,0,1
106454068,RESTPADD PSYCHIATRIC HEALTH FACILITY, Northern California,1,6,3,3,1,1,0,0,0,0,0,0,0,0,1,1,0,1
106470871,MERCY MEDICAL CENTER MT. SHASTA, Northern California,1,3,1,1,1,1,4,137,0,0,1,1,1,0,1,1,1,1
106474007,FAIRCHILD MEDICAL CENTER, Northern California,1,1,1,1,1,1,0,176,0,0,1,1,1,0,1,1,0,1
106480989,KAISER FND HOSP - REHABILITATION CENTER VALLEJO, North Bay,1,3,1,1,1,1,22,1379,0,1,1,1,1,1,1,1,0,1
106481015,ST. HELENA HOSPITAL CENTER FOR BEHAVIORAL HEALTH, North Bay,1,3,2,3,1,1,0,0,13,0,0,0,0,0,1,1,0,1
106481094,SUTTER SOLANO MEDICAL CENTER, North Bay,1,4,1,1,1,1,12,561,0,1,1,1,1,0,1,1,1,1
106481357,NORTH BAY MEDICAL CENTER, North Bay,1,3,1,1,1,1,11,1194,0,1,1,1,1,0,1,1,1,1
106484001,NORTH BAY VACAVALLEY HOSPITAL, North Bay,1,2,1,1,1,1,0,0,0,1,1,1,1,0,1,1,1,1
106484044,KAISER FOUNDATION HOSPITAL - VACAVILLE, North Bay,1,1,1,1,1,1,20,1102,0,1,1,1,1,1,1,1,1,1
106484062,CRESTWOOD SOLANO PSYCHIATRIC HEALTH FACILITY, North Bay,1,6,3,3,1,1,0,0,0,0,0,0,0,0,1,1,0,1
106490907,SANTA ROSA MEMORIAL HOSPITAL-SOTOYOME, North Bay,1,3,1,8,1,1,0,0,0,0,0,0,0,0,1,1,0,1
106490919,SUTTER MEDICAL CENTER OF SANTA ROSA, North Bay,0,4,1,1,1,1,10,1238,0,1,1,1,1,1,1,1,1,1
106490964,HEALDSBURG DISTRICT HOSPITAL, North Bay,1,3,1,1,1,1,0,0,0,0,1,1,1,1,1,1,1,1
106491001,PETALUMA VALLEY HOSPITAL, North Bay,1,2,1,1,1,1,10,452,0,0,1,1,1,0,1,1,0,1
106491064,SANTA ROSA MEMORIAL HOSPITAL-MONTGOMERY, North Bay,1,4,1,1,1,1,16,666,0,0,1,1,1,1,2,1,1,1
106491076,SONOMA VALLEY HOSPITAL, North Bay,1,3,1,1,1,1,7,168,0,1,1,1,1,0,1,1,1,1
106491338,PALM DRIVE HOSPITAL, North Bay,0,4,1,1,1,1,0,0,0,0,1,1,1,1,1,1,1,1
106494019,KAISER FND HOSP - SANTA ROSA, North Bay,1,2,1,1,1,1,17,1932,0,1,1,1,1,1,1,1,1,2
106494048,"AURORA BEHAVIORAL HEALTHCARE-SANTA ROSA, LLC", North Bay,1,2,2,3,1,1,0,0,4,0,0,0,0,0,1,1,0,1
106494106,SUTTER SANTA ROSA REGIONAL HOSPITAL, North Bay,1,6,1,1,1,1,20,299,0,1,1,1,1,1,1,1,1,1
106500852,DOCTORS MEDICAL CENTER, North San Joaquin,1,3,1,1,3,1,0,3437,0,1,1,1,1,1,3,2,1,2
106500867,EMANUEL MEDICAL CENTER, North San Joaquin,1,3,1,1,1,1,8,1119,0,0,1,1,1,0,2,1,0,1
106500939,MEMORIAL HOSPITAL MEDICAL CENTER - MODESTO, North San Joaquin,1,3,1,1,1,2,30,1820,0,0,1,1,1,0,3,2,1,2
106500954,CENTRAL VALLEY SPECIALTY HOSPITAL, North San Joaquin,1,4,1,1,1,1,0,0,0,0,0,0,1,0,1,1,0,1
106500967,OAK VALLEY DISTRICT HOSPITAL (2-RH), North San Joaquin,1,3,1,1,1,1,0,0,0,0,1,1,1,1,1,1,1,1
106501016,DOCTORS MEDICAL CENTER-BEHAVIORAL HEALTH DEPARTMENT, North San Joaquin,1,2,1,3,1,1,0,0,0,0,0,0,0,0,1,1,0,1
106504038,STANISLAUS SURGICAL HOSPITAL, North San Joaquin,1,1,1,1,1,1,0,0,0,0,0,0,0,0,1,1,1,1
106504042,KAISER FND HOSP-MODESTO, North San Joaquin,1,1,1,1,2,1,10,2497,0,1,1,1,1,1,1,1,1,2
106504081,TELECARE STANISLAUS COUNTY PHF, North San Joaquin,1,6,3,3,1,1,0,0,0,0,0,0,0,0,1,1,0,1
106510882,FREMONT MEDICAL CENTER, Golden Empire,1,3,1,1,1,1,28,1826,0,0,0,0,0,0,1,1,0,2
106514001,SUTTER-YUBA PSYCHIATRIC HEALTH FACILITY, Golden Empire,1,2,3,3,1,1,0,0,0,0,0,0,0,0,1,1,0,1
106514030,SUTTER SURGICAL HOSPITAL-NORTH VALLEY, Golden Empire,1,1,1,1,1,1,0,0,0,0,0,0,0,0,1,1,1,1
106514033,NORTH VALLEY BEHAVIORAL HEALTH, Golden Empire,1,1,3,3,1,1,0,0,0,0,0,0,1,1,1,1,0,1
106521041,ST. ELIZABETH COMMUNITY HOSPITAL, Northern California,1,4,1,1,1,1,2,667,0,0,1,1,1,0,1,1,1,1
106531059,TRINITY HOSPITAL, Northern California,1,4,1,1,1,1,0,0,0,0,1,1,1,1,1,1,1,1
106540734,KAWEAH DELTA MEDICAL CENTER, Central,1,3,1,1,1,2,32,4028,0,0,1,1,1,1,3,1,0,3
106540798,SIERRA VIEW MEDICAL CENTER, Central,1,3,1,1,1,1,0,1480,0,0,1,1,1,1,1,1,1,1
106540816,TULARE REGIONAL MEDICAL CENTER, Central,1,4,1,1,1,1,12,1100,0,0,1,1,1,1,1,1,1,1
106541123,PORTERVILLE DEVELOPMENTAL CENTER, Central,1,4,1,7,1,3,0,0,0,0,0,0,0,0,1,1,0,1
106544009,KAWEAH DELTA  MENTAL HEALTH HOSPITAL D/P APH, Central,1,2,1,3,1,1,0,0,0,0,0,0,0,0,1,1,0,1
106552209,SONORA REGIONAL MEDICAL CENTER - FAIRVIEW, North San Joaquin,1,3,1,1,1,1,0,0,0,0,0,0,0,0,1,1,0,1
106554011,SONORA REGIONAL MEDICAL CENTER - GREENLEY, North San Joaquin,1,1,1,1,1,1,12,533,0,0,1,1,1,0,1,1,1,1
106560203,AURORA VISTA DEL MAR HOSPITAL, Santa Barbara/Ventura,1,2,2,3,1,1,0,0,14,0,0,0,1,0,1,1,0,1
106560473,COMMUNITY MEMORIAL HOSPITAL-SAN BUENAVENTURA, Santa Barbara/Ventura,1,4,1,1,1,1,20,2965,0,1,1,1,1,1,2,1,1,2
106560481,VENTURA COUNTY MEDICAL CENTER, Santa Barbara/Ventura,1,4,1,1,2,1,40,1291,0,1,1,1,1,0,1,1,1,1
106560492,LOS ROBLES HOSPITAL AND MEDICAL CENTER, Santa Barbara/Ventura,1,3,1,1,1,1,22,1850,0,1,1,1,1,1,3,2,1,1
106560501,OJAI VALLEY COMMUNITY HOSPITAL, Santa Barbara/Ventura,1,3,1,1,1,1,0,0,0,0,1,1,1,1,1,1,1,1
106560508,ST. JOHNS PLEASANT VALLEY HOSPITAL, Santa Barbara/Ventura,1,3,1,1,1,1,0,0,0,0,1,1,1,1,1,1,0,1
106560521,VENTURA COUNTY MEDICAL CENTER - SANTA PAULA  HOSPITAL, Santa Barbara/Ventura,1,3,1,1,1,1,12,336,0,0,1,1,1,0,1,1,1,1
106560525,SIMI VALLEY HOSPITAL AND HEALTH CARE SVCS-SYCAMORE, Santa Barbara/Ventura,1,3,1,1,1,1,18,648,0,0,1,1,1,1,1,1,1,1
106560529,ST. JOHNS REGIONAL MEDICAL CENTER, Santa Barbara/Ventura,1,4,1,1,1,1,5,2120,0,0,1,1,1,1,2,1,0,2
106560838,PACIFIC SHORES HOSPITAL, Santa Barbara/Ventura,1,3,2,3,1,1,0,0,0,0,0,0,0,0,1,1,0,1
106564018,LOS ROBLES HOSPITAL AND MEDICAL CENTER - EAST CAMPUS, Santa Barbara/Ventura,1,2,1,8,1,1,0,0,0,0,0,0,0,0,1,1,0,1
106564121,"THOUSAND OAKS SURGICAL HOSPITAL, a campus of Los Robles Hosp AND Med Ctr", Santa Barbara/Ventura,1,1,1,1,1,1,0,0,0,0,0,0,0,0,1,1,0,1
106571086,WOODLAND MEMORIAL HOSPITAL, Golden Empire,1,3,1,1,1,1,7,696,0,1,1,1,1,1,1,1,1,1
106574010,SUTTER DAVIS HOSPITAL, Golden Empire,1,2,1,1,1,1,14,1529,0,1,1,1,1,1,1,1,1,1
106580996,RIDEOUT MEMORIAL HOSPITAL, Golden Empire,1,4,1,1,1,1,0,0,0,0,1,1,1,0,2,1,1,1
206100718,COMMUNITY SUBACUTE AND TRANSITIONAL CARE CENTER, Central,1,3,1,2,1,1,0,0,0,0,0,0,0,0,1,1,0,1
206351814,HAZEL HAWKINS MEMORIAL HOSPITAL D/P SNF,Mid-Coast,1,3,1,2,1,1,0,0,0,1,0,0,0,0,1,1,0,1
,n = 513,,,,,,,,,,,,,,,,,,,
