OSHPD_ID,FAC_NAME,HEALTH_SVC_AREA,HEALTH_SVC_AREA,label,F1,F2,F3,F4,F5,F6,F7,F8,F9,F10,F11,F12,F13,F14,F15,F16,F17,F18,F19,F20,F21,F22
106010735,ALAMEDA HOSPITAL, East Bay, East Bay,2,1,4,1,1,0,1,0,0,0,0,0,1,1,1,0,1,1,0,0,0,0,0
106010739,ALTA BATES SUMMIT MED CTR-ALTA BATES CAMPUS, East Bay, East Bay,2,1,4,1,1,3,1,80,3,2,0,1,1,1,1,1,2,3,1,4,3,3,0
106010776,CHILDRENS HOSPITAL AND RESEARCH CTR AT OAKLAND, East Bay, East Bay,2,1,4,1,5,3,1,0,0,0,0,0,1,1,1,1,2,3,1,0,0,0,1
106010782,THUNDER ROAD CHEMICAL DEPENDENCY RECOVERY HOSPITAL, East Bay, East Bay,2,1,3,4,4,0,1,0,0,0,0,0,0,0,0,0,0,0,0,0,0,0,0
106010811,FAIRMONT HOSPITAL, East Bay, East Bay,2,1,4,1,2,0,1,0,0,0,0,0,0,0,0,0,0,0,0,0,0,0,0
106010844,ALTA BATES SUMMIT MED CTR-HERRICK CAMPUS, East Bay, East Bay,2,1,4,1,3,0,1,0,0,0,4,0,0,0,0,0,0,0,0,0,0,0,0
106010846,HIGHLAND HOSPITAL, East Bay, East Bay,2,1,4,1,1,1,1,20,1,1,0,1,1,1,1,1,2,3,1,1,1,1,0
106010856,KAISER FND HOSP - OAKLAND CAMPUS, East Bay, East Bay,2,0,4,1,0,1,1,0,0,0,0,0,0,0,0,0,0,0,0,0,0,0,0
106010858,KAISER FND HOSP - HAYWARD/FREMONT, East Bay, East Bay,2,0,3,1,1,1,1,20,1,1,0,1,1,1,1,1,1,1,0,1,1,1,0
106010887,KINDRED HOSPITAL - SAN FRANCISCO BAY AREA, East Bay, East Bay,2,1,3,1,1,0,1,0,0,0,0,0,0,0,0,0,0,1,0,0,0,0,0
106010937,ALTA BATES SUMMIT MED CTR-SUMMIT CAMPUS-HAWTHORNE, East Bay, East Bay,2,1,4,1,1,0,2,0,0,0,0,1,1,1,1,1,2,3,1,0,0,0,0
106010967,ST. ROSE HOSPITAL, East Bay, East Bay,2,1,3,1,1,0,1,24,1,2,0,0,1,1,1,0,1,2,1,1,1,1,0
106010983,VALLEY MEMORIAL HOSPITAL, East Bay, East Bay,2,1,3,1,2,0,1,0,0,0,0,0,0,0,0,0,0,0,0,0,0,0,0
106010987,WASHINGTON HOSPITAL - FREMONT, East Bay, East Bay,2,1,3,1,1,1,1,22,1,2,0,0,1,1,1,1,2,3,0,1,1,1,0
106013619,SAN LEANDRO HOSPITAL, East Bay, East Bay,2,1,3,1,1,0,1,0,0,0,0,0,1,1,1,1,1,1,1,0,0,0,0
106013626,ALTA BATES SUMMIT MED CTR-SUMMIT CAMPUS-SUMMIT, East Bay, East Bay,2,1,4,1,1,0,1,0,0,0,0,0,0,0,0,0,0,0,1,0,0,0,0
106013687,MPI CHEMICAL DEPENDENCY RECOVERY HOSPITAL, East Bay, East Bay,2,1,2,4,4,0,1,0,0,0,0,0,0,0,0,0,0,0,0,0,0,0,0
106014034,FREMONT HOSPITAL, East Bay, East Bay,2,1,2,2,3,0,1,0,0,0,8,0,0,0,0,0,0,0,0,0,0,0,0
106014050,VALLEYCARE MEDICAL CENTER, East Bay, East Bay,2,1,2,1,1,1,1,0,1,2,0,0,1,1,1,0,2,3,1,1,1,1,0
106014132,KAISER FND HOSP - FREMONT, East Bay, East Bay,2,1,1,1,1,0,1,0,0,0,0,1,1,1,1,1,1,2,0,0,0,0,0
106014207,TELECARE HERITAGE PSYCHIATRIC HEALTH FACILITY, East Bay, East Bay,2,1,1,3,3,0,1,0,0,0,0,0,0,0,1,0,0,0,0,0,0,0,0
106014226,TELECARE WILLOW ROCK CENTER, East Bay, East Bay,2,1,1,3,3,0,1,0,0,0,8,0,0,0,0,0,0,0,0,0,0,0,0
106014233,EDEN MEDICAL CENTER, East Bay, East Bay,2,1,6,1,1,0,1,11,1,2,0,1,1,1,1,1,1,2,0,1,1,1,0
106014326,KAISER FND HOSP - OAKLAND/RICHMOND, East Bay, East Bay,2,1,6,1,1,2,1,6,2,1,0,1,1,1,1,1,2,3,1,2,2,1,0
106014337,KAISER FND HOSP - SAN LEANDRO, East Bay, East Bay,2,1,6,1,1,1,1,8,1,1,0,1,1,1,1,1,1,2,0,1,1,1,0
106034002,SUTTER AMADOR HOSPITAL, North San Joaquin, North San Joaquin,8,1,1,1,1,0,1,8,1,1,0,0,1,1,1,0,1,1,0,1,0,0,0
106040802,BIGGS GRIDLEY MEMORIAL HOSPITAL, Northern California, Northern California,9,1,4,1,1,0,1,0,0,0,0,0,0,0,1,0,1,1,0,0,0,0,0
106040828,ENLOE MEDICAL CENTER - COHASSET, Northern California, Northern California,9,1,3,1,3,0,1,0,0,0,0,0,0,0,0,0,0,0,0,0,0,0,0
106040875,FEATHER RIVER HOSPITAL, Northern California, Northern California,9,1,4,1,1,0,1,18,1,2,0,0,1,1,1,1,1,2,1,1,1,1,1
106040937,OROVILLE HOSPITAL, Northern California, Northern California,9,1,3,1,1,0,1,10,1,2,0,1,1,1,1,1,2,2,1,1,1,1,0
106040962,ENLOE MEDICAL CENTER- ESPLANADE, Northern California, Northern California,9,1,4,1,1,1,1,22,1,2,0,1,1,1,1,0,3,3,1,1,1,1,1
106044006,BUTTE COUNTY MENTAL HEALTH SERVICES, Northern California, Northern California,9,1,2,3,3,0,1,0,0,0,0,0,0,0,0,0,0,0,0,0,0,0,0
106044011,ENLOE REHABILITATION CENTER, Northern California, Northern California,9,1,2,1,6,0,1,0,0,0,0,0,0,0,0,0,0,0,0,0,0,0,0
106050932,MARK TWAIN MEDICAL CENTER, North San Joaquin, North San Joaquin,8,1,4,1,1,0,1,0,0,0,0,1,1,1,1,0,1,1,1,0,0,0,1
106060870,COLUSA REGIONAL MEDICAL CENTER, Northern California, Northern California,9,1,4,1,1,0,1,6,1,2,0,0,1,1,1,0,1,1,1,1,1,0,0
106070904,DOCTORS MEDICAL CENTER - SAN PABLO, East Bay, East Bay,2,0,4,1,1,0,1,0,0,0,0,0,1,1,1,1,1,1,1,1,0,0,0
106070924,CONTRA COSTA REGIONAL MEDICAL CENTER, East Bay, East Bay,2,1,4,1,1,1,1,6,2,1,0,1,1,1,1,1,1,2,0,2,1,1,0
106070934,SUTTER DELTA MEDICAL CENTER, East Bay, East Bay,2,1,3,1,1,1,1,20,1,2,0,1,1,1,1,1,2,2,1,1,1,1,0
106070988,JOHN MUIR MEDICAL CENTER-WALNUT CREEK CAMPUS, East Bay, East Bay,2,1,3,1,1,3,2,0,2,2,0,1,1,1,1,1,2,3,0,2,2,1,1
106070990,KAISER FND HOSP - WALNUT CREEK, East Bay, East Bay,2,1,4,1,1,2,1,32,2,1,0,1,1,1,1,1,2,2,1,2,2,2,1
106071018,JOHN MUIR MEDICAL CENTER-CONCORD CAMPUS, East Bay, East Bay,2,1,4,1,1,0,1,0,0,0,0,1,1,1,1,1,2,3,0,0,0,0,1
106074011,SAN RAMON REGIONAL MEDICAL CENTER SOUTH BUILDING, East Bay, East Bay,2,1,2,1,8,0,1,0,0,0,0,0,0,0,0,0,0,0,0,0,0,0,0
106074017,SAN RAMON REGIONAL MEDICAL CENTER, East Bay, East Bay,2,1,2,1,1,1,1,17,1,2,0,0,1,1,1,0,1,2,1,1,1,1,0
106074039,JOHN MUIR BEHAVIORAL HEALTH CENTER, East Bay, East Bay,2,1,2,2,3,0,1,0,0,0,5,0,0,0,0,0,0,0,0,0,0,0,0
106074093,KAISER FND HOSP - RICHMOND CAMPUS, East Bay, East Bay,2,1,2,1,1,0,1,0,0,0,0,1,1,1,1,1,1,1,1,0,0,0,0
106074097,KAISER FOUND HSP-ANTIOCH, East Bay, East Bay,2,1,1,1,1,1,1,10,1,1,0,1,1,1,1,1,1,2,0,1,1,0,0
106084001,SUTTER COAST HOSPITAL, Northern California, Northern California,9,1,4,1,1,0,1,4,1,1,0,0,1,1,1,1,1,1,1,1,1,0,0
106090793,BARTON MEMORIAL HOSPITAL, Golden Empire, Golden Empire,3,1,3,1,1,0,1,9,1,1,0,0,1,1,1,1,1,1,1,1,1,1,0
106090933,MARSHALL  MEDICAL CENTER (1-RH), Golden Empire, Golden Empire,3,1,3,1,1,0,1,12,1,1,0,1,1,1,1,0,1,2,1,1,1,0,1
106094002,EL DORADO COUNTY P H F, Golden Empire, Golden Empire,3,1,2,3,3,0,1,0,0,0,0,0,0,0,0,0,0,0,0,0,0,0,0
106100005,CLOVIS COMMUNITY MEDICAL CENTER, Central, Central,1,1,2,1,1,1,1,8,3,1,0,1,1,1,1,0,1,3,1,3,2,1,1
106100697,COALINGA REGIONAL MEDICAL CENTER, Central, Central,1,1,4,1,1,0,1,0,0,0,0,0,0,0,1,1,1,0,0,1,0,0,0
106100717,COMMUNITY REGIONAL MEDICAL CENTER-FRESNO, Central, Central,1,1,4,1,1,5,2,70,3,1,0,0,1,1,1,1,3,3,1,4,3,3,1
106100793,ADVENTIST MEDICAL CENTER-SELMA, Central, Central,1,1,3,1,1,0,1,15,1,2,0,0,1,1,1,0,1,1,0,1,1,0,0
106100797,ADVENTIST MEDICAL CENTER - REEDLEY, Central, Central,1,1,3,1,1,0,1,25,1,1,0,0,1,1,1,0,1,1,1,1,1,1,0
106100899,ST. AGNES MEDICAL CENTER, Central, Central,1,1,3,1,1,0,2,30,2,1,0,1,1,1,1,1,3,3,0,2,1,2,1
106104008,COMMUNITY BEHAVIORAL HEALTH CENTER, Central, Central,1,1,2,1,3,0,1,0,0,0,0,0,0,0,0,0,0,0,0,0,0,0,0
106104023,SAN JOAQUIN VALLEY REHABILITATION HOSPITAL, Central, Central,1,1,2,1,6,0,1,0,0,0,0,0,0,0,0,0,0,0,0,0,0,0,0
106104047,FRESNO SURGICAL HOSPITAL, Central, Central,1,1,2,1,1,0,1,0,0,0,0,0,0,0,0,0,0,2,1,0,0,0,0
106104062,KAISER FND HOSP - FRESNO, Central, Central,1,1,2,1,1,1,1,0,1,1,0,1,1,1,1,1,1,2,1,1,1,1,0
106104089,CRESTWOOD PSYCHIATRIC HEALTH FACILITY-FRESNO, Central, Central,1,1,1,3,3,0,1,0,0,0,0,0,0,0,0,0,0,0,0,0,0,0,0
106105029,FRESNO HEART AND SURGICAL HOSPITAL, Central, Central,1,1,1,1,1,0,1,0,0,0,0,0,0,0,0,0,0,2,1,0,0,0,1
106105051,DEPARTMENT OF STATE HOSPITAL - COALINGA, Central, Central,1,1,1,2,3,0,3,0,0,0,0,0,0,0,0,0,0,0,0,0,0,0,0
106110889,GLENN MEDICAL CENTER, Northern California, Northern California,9,1,4,1,1,0,1,0,0,0,0,0,0,0,1,0,1,0,1,0,0,0,0
106120981,"GENERAL HOSPITAL, THE", Northern California, Northern California,9,1,4,1,1,0,1,0,0,0,0,0,0,0,0,0,0,0,1,0,0,0,0
106121002,MAD RIVER COMMUNITY HOSPITAL, Northern California, Northern California,9,1,3,1,1,0,1,0,1,1,0,0,1,1,1,0,1,1,1,1,1,1,0
106121031,JEROLD PHELPS COMMUNITY HOSPITAL, Northern California, Northern California,9,1,3,1,8,0,1,0,0,0,0,0,0,0,1,0,0,0,0,0,0,0,0
106121051,REDWOOD MEMORIAL HOSPITAL, Northern California, Northern California,9,1,3,1,1,0,1,8,1,1,0,1,1,1,1,0,1,1,1,1,1,0,0
106121080,ST. JOSEPH HOSPITAL - EUREKA, Northern California, Northern California,9,1,4,1,1,1,1,14,1,1,0,1,1,1,1,0,1,2,1,1,1,1,0
106124004,SEMPERVIRENS P.H.F., Northern California, Northern California,9,1,2,3,3,0,1,0,0,0,0,0,0,0,0,0,0,0,0,0,0,0,0
106130699,EL CENTRO REGIONAL MEDICAL CENTER, San Diego/Imperial, San Diego/Imperial,11,1,3,1,1,0,1,19,1,2,0,0,1,1,1,1,1,1,1,1,1,1,0
106130760,PIONEERS MEMORIAL HEALTHCARE DISTRICT, San Diego/Imperial, San Diego/Imperial,11,1,4,1,1,1,1,25,1,1,0,0,1,1,1,1,1,2,1,1,1,1,0
106141273,NORTHERN INYO HOSPITAL, Inland Counties, Inland Counties,4,1,4,1,1,0,1,6,1,1,0,0,1,1,1,1,1,1,0,1,1,1,0
106141338,SOUTHERN INYO HOSPITAL, Inland Counties, Inland Counties,4,1,4,1,2,0,1,0,0,0,0,0,0,0,1,0,1,0,0,0,0,0,0
106150706,DELANO REGIONAL MEDICAL CENTER, Central, Central,1,1,3,1,1,0,1,20,1,2,0,0,1,1,1,0,1,2,1,1,1,1,0
106150722,BAKERSFIELD MEMORIAL HOSPITAL, Central, Central,1,1,3,1,1,2,2,10,2,1,0,0,1,1,1,0,2,3,0,2,1,1,1
106150736,KERN MEDICAL CENTER, Central, Central,1,1,4,1,1,2,1,0,2,1,0,0,1,1,1,1,1,3,0,2,2,1,0
106150737,KERN VALLEY HEALTHCARE DISTRICT, Central, Central,1,1,3,1,2,0,1,0,0,0,0,0,0,0,1,0,1,1,1,1,0,0,0
106150761,MERCY HOSPITAL - BAKERSFIELD, Central, Central,1,1,4,1,1,0,1,0,0,0,0,1,1,1,1,0,1,2,1,0,0,0,0
106150775,GOOD SAMARITAN HOSPITAL-BAKERSFIELD, Central, Central,1,1,3,1,3,0,1,0,0,0,6,0,1,1,1,0,0,1,0,0,0,0,0
106150782,RIDGECREST REGIONAL HOSPITAL, Central, Central,1,1,4,1,1,0,1,0,1,1,0,0,1,1,1,0,1,1,0,1,1,0,0
106150788,SAN JOAQUIN COMMUNITY HOSPITAL, Central, Central,1,1,3,1,1,1,1,23,2,1,0,1,1,1,1,1,3,3,1,2,1,1,0
106150808,TEHACHAPI HOSPITAL, Central, Central,1,1,4,1,1,0,1,0,0,0,0,0,0,0,1,0,1,0,0,0,0,0,0
106154022,HEALTHSOUTH BAKERSFIELD REHABILITATION HOSPITAL, Central, Central,1,1,2,1,6,0,1,0,0,0,0,0,0,0,0,0,0,0,0,0,0,0,0
106154101,BAKERSFIELD HEART HOSPITAL, Central, Central,1,1,1,1,1,0,1,0,0,0,0,0,1,1,1,1,1,1,0,0,0,0,0
106154108,MERCY SOUTHWEST HOSPITAL, Central, Central,1,1,2,1,1,1,1,18,0,0,0,1,1,1,1,0,1,2,1,2,1,1,1
106154160,CRESTWOOD PSYCHIATRIC HEALTH FACILITY 2, Central, Central,1,1,1,3,3,0,1,0,0,0,0,0,0,0,0,0,0,0,0,0,0,0,0
106160787,CENTRAL VALLEY GENERAL HOSPITAL, Central, Central,1,1,4,1,1,0,1,6,2,1,0,0,0,0,0,0,0,1,0,2,1,1,0
106164029,ADVENTIST MEDICAL CENTER, Central, Central,1,1,1,1,1,0,1,0,0,0,0,0,1,1,1,1,2,2,1,0,0,0,0
106171049,ST. HELENA HOSPITAL - CLEARLAKE, Northern California, Northern California,9,1,3,1,1,0,1,4,1,1,0,0,1,1,1,0,1,1,1,1,1,1,0
106171395,SUTTER LAKESIDE HOSPITAL, Northern California, Northern California,9,1,2,1,1,0,1,6,1,1,0,0,1,1,1,0,1,1,1,1,1,1,0
106184008,BANNER LASSEN MEDICAL CENTER, Northern California, Northern California,9,1,1,1,1,0,1,6,1,1,0,0,1,1,1,0,1,1,0,1,1,1,0
106190017,ALHAMBRA HOSPITAL MEDICAL CENTER, Los Angeles, Los Angeles,5,1,4,1,1,0,1,0,0,0,0,0,1,1,1,1,1,1,1,0,0,0,0
106190020,BHC ALHAMBRA HOSPITAL, Los Angeles, Los Angeles,5,1,4,2,3,0,1,0,0,0,23,0,0,0,0,0,0,0,0,0,0,0,0
106190034,ANTELOPE VALLEY HOSPITAL, Los Angeles, Los Angeles,5,1,4,1,1,3,2,0,3,1,0,1,1,1,1,1,3,3,1,3,3,3,1
106190045,CATALINA ISLAND MEDICAL CENTER, Los Angeles, Los Angeles,5,1,4,1,1,0,1,0,0,0,0,0,0,0,1,0,1,0,0,0,0,0,0
106190049,KINDRED HOSPITAL BALDWIN PARK, Los Angeles, Los Angeles,5,1,4,1,1,0,1,0,0,0,0,0,0,0,0,0,0,1,0,0,0,0,0
106190052,BARLOW RESPIRATORY HOSPITAL, Los Angeles, Los Angeles,5,1,4,1,1,0,1,0,0,0,0,0,0,0,1,0,0,0,0,0,0,0,0
106190053,ST. MARY MEDICAL CENTER - LONG BEACH, Los Angeles, Los Angeles,5,1,4,1,1,2,1,25,2,2,0,1,1,1,1,0,2,2,1,2,1,1,0
106190081,BEVERLY HOSPITAL, Los Angeles, Los Angeles,5,1,4,1,1,1,1,17,1,1,0,0,1,1,1,1,1,2,0,1,1,1,0
106190110,SOUTHERN CALIFORNIA HOSPITAL AT CULVER CITY, Los Angeles, Los Angeles,5,1,4,1,1,0,2,0,0,0,0,0,1,1,1,1,2,1,0,0,0,0,0
106190125,CALIFORNIA HOSPITAL MEDICAL CENTER - LOS ANGELES, Los Angeles, Los Angeles,5,1,4,1,1,2,1,61,2,2,0,0,1,1,1,1,2,3,1,3,2,2,0
106190137,CASA COLINA HOSPITAL FOR REHAB MEDICINE, Los Angeles, Los Angeles,5,1,3,1,6,0,1,0,0,0,0,0,0,0,0,0,0,0,0,0,0,0,1
106190148,CENTINELA HOSPITAL MEDICAL CENTER, Los Angeles, Los Angeles,5,1,4,1,1,1,1,29,1,2,0,0,1,1,1,1,3,2,0,1,1,1,1
106190150,KEDREN COMMUNITY MENTAL HEALTH CENTER, Los Angeles, Los Angeles,5,1,3,2,3,0,1,0,0,0,9,0,0,0,0,0,0,0,0,0,0,0,0
106190155,CENTURY CITY DOCTORS HOSPITAL, Los Angeles, Los Angeles,5,0,3,1,0,0,1,0,0,0,0,0,0,0,0,0,0,0,0,0,0,0,0
106190159,GARDENS REGIONAL HOSPITAL AND MEDICAL CENTER, Los Angeles, Los Angeles,5,1,3,1,1,0,1,0,0,0,0,0,1,1,1,1,1,2,1,0,0,0,0
106190163,AURORA CHARTER OAK, Los Angeles, Los Angeles,5,1,4,2,3,0,1,0,0,0,10,0,0,0,1,0,0,0,0,0,0,0,0
106190170,CHILDRENS HOSPITAL OF LOS ANGELES, Los Angeles, Los Angeles,5,1,4,1,5,5,2,0,0,0,0,1,1,1,1,1,2,3,1,0,0,0,1
106190176,CITY OF HOPE HELFORD CLINICAL RESEARCH HOSPITAL, Los Angeles, Los Angeles,5,1,4,1,8,0,1,0,0,0,0,1,0,0,0,0,0,3,1,0,0,0,1
106190184,COLLEGE HOSPITAL, Los Angeles, Los Angeles,5,1,3,2,3,0,1,0,0,0,20,0,0,0,0,0,0,0,0,0,0,0,0
106190196,KINDRED HOSPITAL SOUTH BAY, Los Angeles, Los Angeles,5,1,3,1,8,0,1,0,0,0,0,0,1,1,1,0,0,1,0,0,0,0,0
106190197,COMMUNITY HOSPITAL OF HUNTINGTON PARK, Los Angeles, Los Angeles,5,1,3,1,1,0,1,0,0,0,0,0,1,1,1,1,1,1,1,0,0,0,0
106190198,LOS ANGELES COMMUNITY HOSPITAL, Los Angeles, Los Angeles,5,1,3,1,1,0,1,16,1,2,0,0,1,1,1,1,1,2,0,1,1,0,0
106190200,SAN GABRIEL VALLEY MEDICAL CENTER, Los Angeles, Los Angeles,5,1,3,1,1,1,1,22,2,2,0,0,1,1,1,1,1,2,1,2,1,1,0
106190232,DEL AMO HOSPITAL, Los Angeles, Los Angeles,5,1,3,2,3,0,1,0,0,0,11,0,0,0,0,0,0,0,0,0,0,0,0
106190240,LAKEWOOD REGIONAL MEDICAL CENTER, Los Angeles, Los Angeles,5,1,3,1,1,0,1,0,0,0,0,0,1,1,1,0,2,2,0,0,0,0,1
106190243,PIH HOSPITAL - DOWNEY, Los Angeles, Los Angeles,5,1,3,1,1,1,1,17,1,1,0,0,1,1,1,1,2,2,1,1,1,1,1
106190256,EAST LOS ANGELES DOCTORS HOSPITAL, Los Angeles, Los Angeles,5,1,4,1,1,0,1,13,1,2,0,0,1,1,1,1,1,1,1,1,1,1,0
106190280,ENCINO HOSPITAL MEDICAL CENTER, Los Angeles, Los Angeles,5,1,4,1,1,0,1,0,0,0,0,0,1,1,1,1,1,1,1,0,0,0,0
106190298,FOOTHILL PRESBYTERIAN HOSPITAL-JOHNSTON MEMORIAL, Los Angeles, Los Angeles,5,1,3,1,1,0,1,8,1,1,0,1,1,1,1,0,1,2,1,1,1,1,0
106190305,KINDRED HOSPITAL - LOS ANGELES, Los Angeles, Los Angeles,5,1,3,1,1,0,1,0,0,0,0,0,0,0,0,0,0,1,0,0,0,0,0
106190307,PACIFIC ALLIANCE MEDICAL CENTER, Los Angeles, Los Angeles,5,1,4,1,1,0,1,12,2,2,0,0,0,0,0,0,0,2,1,2,1,1,1
106190315,GARFIELD MEDICAL CENTER, Los Angeles, Los Angeles,5,1,4,1,1,1,1,26,3,2,0,0,1,1,1,1,2,2,1,3,2,1,0
106190317,GATEWAYS HOSPITAL AND MENTAL HEALTH CENTER, Los Angeles, Los Angeles,5,1,3,2,3,0,1,0,0,0,7,0,0,0,0,0,0,0,0,0,0,0,0
106190323,GLENDALE ADVENTIST MEDICAL CENTER, Los Angeles, Los Angeles,5,1,4,1,1,1,2,22,2,1,0,0,1,1,1,0,3,3,0,2,1,1,0
106190328,GLENDORA COMMUNITY HOSPITAL, Los Angeles, Los Angeles,5,1,3,1,1,0,1,0,1,1,0,0,1,1,1,1,1,1,0,1,1,0,0
106190352,GREATER EL MONTE COMMUNITY HOSPITAL, Los Angeles, Los Angeles,5,1,3,1,1,0,1,13,1,2,0,0,1,1,1,1,1,1,0,1,1,0,0
106190380,SOUTHERN CALIFORNIA HOSPITAL AT HOLLYWOOD, Los Angeles, Los Angeles,5,1,3,1,1,0,1,0,0,0,0,0,1,1,1,1,0,1,0,0,0,0,0
106190382,HOLLYWOOD PRESBYTERIAN MEDICAL CENTER, Los Angeles, Los Angeles,5,1,4,1,1,1,2,35,2,2,0,0,1,1,1,0,2,2,1,2,2,1,1
106190385,PROVIDENCE HOLY CROSS MEDICAL CENTER, Los Angeles, Los Angeles,5,1,3,1,1,1,1,24,2,2,0,1,1,1,1,1,2,3,1,2,1,1,0
106190392,GOOD SAMARITAN HOSPITAL-LOS ANGELES, Los Angeles, Los Angeles,5,1,4,1,1,2,2,10,2,2,0,0,1,1,1,0,1,3,1,2,2,1,0
106190400,HUNTINGTON MEMORIAL HOSPITAL, Los Angeles, Los Angeles,5,1,4,1,1,3,2,48,2,2,0,1,1,1,1,1,3,3,0,2,2,2,0
106190410,SILVER LAKE MEDICAL CENTER-INGLESIDE CAMPUS, Los Angeles, Los Angeles,5,1,4,1,3,0,1,0,0,0,0,0,0,0,1,0,0,0,0,0,0,0,0
106190413,CITRUS VALLEY MEDICAL CENTER - IC CAMPUS, Los Angeles, Los Angeles,5,1,4,1,1,0,1,0,0,0,0,1,1,1,1,0,2,2,1,0,0,0,0
106190422,TORRANCE MEMORIAL MEDICAL CENTER, Los Angeles, Los Angeles,5,1,3,1,1,2,2,28,2,2,0,1,1,1,1,1,3,3,1,2,1,1,1
106190429,KAISER FND HOSP - LOS ANGELES, Los Angeles, Los Angeles,5,1,4,1,1,2,2,0,2,1,0,1,1,1,1,1,2,3,1,2,2,2,1
106190431,KAISER FND HOSP - SOUTH BAY, Los Angeles, Los Angeles,5,1,3,1,1,1,1,0,2,1,0,1,1,1,1,1,2,3,1,2,1,1,0
106190432,KAISER FND HOSP - PANORAMA CITY, Los Angeles, Los Angeles,5,1,3,1,1,2,1,29,1,1,0,1,1,1,1,1,1,3,1,2,1,2,0
106190434,KAISER FND HOSP - WEST LA, Los Angeles, Los Angeles,5,1,3,1,1,1,1,28,1,1,0,1,1,1,1,1,2,3,0,1,1,1,0
106190449,KINDRED HOSPITAL - LA MIRADA, Los Angeles, Los Angeles,5,1,3,1,1,0,1,0,0,0,0,0,0,0,0,0,0,1,0,0,0,0,0
106190458,KINDRED HOSPITAL - SAN GABRIEL VALLEY, Los Angeles, Los Angeles,5,1,4,1,1,0,1,0,0,0,0,0,0,0,0,0,0,1,0,0,0,0,0
106190462,AURORA LAS ENCINAS HOSPITAL, Los Angeles, Los Angeles,5,1,4,2,3,0,1,0,0,0,0,0,0,0,1,0,0,0,0,0,0,0,0
106190468,PROMISE HOSPITAL OF EAST LOS ANGELES-EAST L.A. CAMPUS, Los Angeles, Los Angeles,5,1,4,1,1,0,1,0,0,0,0,0,0,0,0,0,0,1,0,0,0,0,0
106190470,PROVIDENCE LITTLE COMPANY OF MARY MC - TORRANCE, Los Angeles, Los Angeles,5,1,3,1,1,2,2,22,2,2,0,1,1,1,1,1,3,3,1,2,1,1,1
106190475,COMMUNITY HOSPITAL LONG BEACH, Los Angeles, Los Angeles,5,1,4,1,1,1,1,0,0,0,0,0,1,1,1,1,1,1,1,0,0,0,0
106190500,MARINA DEL REY HOSPITAL, Los Angeles, Los Angeles,5,1,3,1,1,0,1,0,0,0,0,0,1,1,1,1,1,2,0,0,0,0,0
106190517,PROVIDENCE TARZANA MEDICAL CENTER, Los Angeles, Los Angeles,5,1,3,1,1,2,1,31,2,2,0,1,1,1,1,1,2,3,1,2,2,1,0
106190521,MEMORIAL HOSPITAL OF GARDENA, Los Angeles, Los Angeles,5,1,4,1,1,0,1,18,1,2,0,0,1,1,1,1,1,2,1,1,1,1,0
106190522,GLENDALE MEMORIAL HOSPITAL AND HEALTH CENTER, Los Angeles, Los Angeles,5,1,4,1,1,1,1,14,1,2,0,1,1,1,1,1,2,2,1,1,1,1,0
106190524,MISSION COMMUNITY HOSPITAL - PANORAMA CAMPUS, Los Angeles, Los Angeles,5,1,3,1,1,0,1,0,0,0,0,0,1,1,1,1,2,2,0,0,0,0,0
106190525,LONG BEACH MEMORIAL MEDICAL CENTER, Los Angeles, Los Angeles,5,1,3,1,1,0,2,0,0,0,0,1,1,1,1,1,3,3,1,0,0,0,1
106190529,METHODIST HOSPITAL OF SOUTHERN CALIFORNIA, Los Angeles, Los Angeles,5,1,3,1,1,1,1,0,1,2,0,1,1,1,1,1,2,3,0,1,1,1,1
106190534,OLYMPIA MEDICAL CENTER, Los Angeles, Los Angeles,5,1,4,1,1,0,1,0,0,0,0,0,1,1,1,0,1,2,1,0,0,0,0
106190541,MONROVIA MEMORIAL HOSPITAL, Los Angeles, Los Angeles,5,1,4,1,1,0,1,0,0,0,0,0,0,0,0,0,0,1,0,0,0,0,0
106190547,MONTEREY PARK HOSPITAL, Los Angeles, Los Angeles,5,1,3,1,1,0,1,30,1,2,0,0,1,1,1,1,1,2,1,1,1,1,0
106190552,MOTION PICTURE AND TELEVISION HOSPITAL, Los Angeles, Los Angeles,5,1,4,1,1,0,1,0,0,0,0,1,0,0,0,0,0,0,0,0,0,0,0
106190555,CEDARS SINAI MEDICAL CENTER, Los Angeles, Los Angeles,5,1,4,1,1,3,3,80,3,2,0,1,1,1,1,1,3,3,0,4,3,2,1
106190568,NORTHRIDGE HOSPITAL MEDICAL CENTER, Los Angeles, Los Angeles,5,1,4,1,1,2,2,22,1,2,4,1,1,1,1,1,2,3,0,1,1,1,1
106190570,NORWALK COMMUNITY HOSPITAL, Los Angeles, Los Angeles,5,1,4,1,1,0,1,0,0,0,0,0,1,1,1,1,1,1,1,0,0,0,0
106190587,COLLEGE MEDICAL CENTER, Los Angeles, Los Angeles,5,1,4,1,1,0,1,9,1,2,0,0,1,1,1,1,1,1,0,1,1,1,0
106190599,PROMISE HOSPITAL OF EAST LOS ANGELES-SUBURBAN CAMPUS, Los Angeles, Los Angeles,5,1,3,1,1,0,1,0,0,0,0,0,0,0,0,0,0,1,1,0,0,0,0
106190630,POMONA VALLEY HOSPITAL MEDICAL CENTER, Los Angeles, Los Angeles,5,1,4,1,1,3,2,41,3,2,0,1,1,1,1,0,2,3,0,4,3,3,1
106190631,PRESBYTERIAN INTERCOMMUNITY HOSPITAL, Los Angeles, Los Angeles,5,1,3,1,1,2,2,0,2,1,0,0,1,1,1,1,3,3,0,3,2,1,1
106190636,CITRUS VALLEY MEDICAL CENTER - QV CAMPUS, Los Angeles, Los Angeles,5,1,3,1,1,2,1,50,2,1,0,1,1,1,1,0,2,3,1,3,2,2,0
106190646,KAISER FND HOSP - MENTAL HEALTH CENTER, Los Angeles, Los Angeles,5,1,4,1,3,0,1,0,0,0,0,0,0,0,0,0,0,0,0,0,0,0,0
106190661,SILVER LAKE MEDICAL CENTER-DOWNTOWN CAMPUS, Los Angeles, Los Angeles,5,1,3,1,1,0,1,0,0,0,0,0,1,1,1,1,0,1,1,0,0,0,0
106190673,SAN DIMAS COMMUNITY HOSPITAL, Los Angeles, Los Angeles,5,1,3,1,1,0,1,0,1,1,0,0,1,1,1,1,1,2,0,1,1,1,1
106190680,PROVIDENCE LITTLE COMPANY OF MARY MC - SAN PEDRO, Los Angeles, Los Angeles,5,1,4,1,1,0,1,18,1,2,0,1,1,1,1,1,1,1,0,1,1,0,0
106190681,MIRACLE MILE MEDICAL CENTER, Los Angeles, Los Angeles,5,1,4,1,1,0,1,0,0,0,0,0,1,1,1,1,0,1,0,0,0,0,0
106190687,SANTA MONICA - UCLA MEDICAL CENTER AND ORTHOPAEDIC HOSPITAL, Los Angeles, Los Angeles,5,1,4,1,1,1,1,35,1,2,0,1,1,1,1,1,2,3,1,1,1,1,1
106190696,PACIFICA HOSPITAL OF THE VALLEY, Los Angeles, Los Angeles,5,1,4,1,1,0,1,335,1,2,0,0,1,1,1,1,1,1,1,1,1,1,0
106190708,SHERMAN OAKS HOSPITAL, Los Angeles, Los Angeles,5,1,3,1,1,0,1,0,0,0,0,0,1,1,1,1,2,1,1,0,0,0,0
106190712,SHRINERS HOSPITAL FOR  CHILDREN, Los Angeles, Los Angeles,5,1,4,1,5,0,1,0,0,0,0,0,1,1,1,0,0,1,0,0,0,0,0
106190754,ST. FRANCIS MEDICAL CENTER, Los Angeles, Los Angeles,5,1,4,1,1,2,1,40,3,2,0,1,1,1,1,1,2,3,1,3,1,1,0
106190756,PROVIDENCE SAINT JOHNS HEALTH CENTER, Los Angeles, Los Angeles,5,1,4,1,1,1,1,24,2,3,0,1,1,1,1,1,2,3,1,2,1,1,0
106190758,PROVIDENCE SAINT JOSEPH MEDICAL CENTER, Los Angeles, Los Angeles,5,1,4,1,1,1,2,32,0,0,0,1,1,1,1,1,2,3,0,2,1,1,1
106190762,ST. VINCENT MEDICAL CENTER, Los Angeles, Los Angeles,5,1,4,1,1,0,1,0,0,0,0,0,1,1,1,0,3,2,0,1,0,0,0
106190766,COAST PLAZA HOSPITAL, Los Angeles, Los Angeles,5,1,3,1,1,0,1,0,0,0,0,0,1,1,1,1,1,1,1,0,0,0,0
106190782,TARZANA TREATMENT CENTER, Los Angeles, Los Angeles,5,1,3,2,3,0,1,0,0,0,0,0,0,0,0,0,0,0,0,0,0,0,0
106190784,TEMPLE COMMUNITY HOSPITAL, Los Angeles, Los Angeles,5,0,4,1,1,0,1,0,0,0,0,0,0,0,0,0,0,1,0,0,0,0,0
106190796,RONALD REAGAN UCLA MEDICAL CENTER, Los Angeles, Los Angeles,5,1,4,1,1,2,2,35,1,2,0,1,1,1,1,1,2,3,1,1,1,1,1
106190812,VALLEY PRESBYTERIAN HOSPITAL, Los Angeles, Los Angeles,5,1,3,1,1,2,1,58,2,2,0,0,1,1,1,1,2,3,0,2,1,2,0
106190818,USC VERDUGO HILLS HOSPITAL, Los Angeles, Los Angeles,5,1,3,1,1,0,1,14,1,2,0,0,1,1,1,0,1,2,1,1,1,0,0
106190854,LOS ANGELES METROPOLITAN MEDICAL CENTER, Los Angeles, Los Angeles,5,0,3,1,0,0,1,0,0,0,0,0,0,0,0,0,0,0,0,0,0,0,0
106190857,"DOCTORS HOSPITAL OF WEST COVINA, INC", Los Angeles, Los Angeles,5,1,3,1,1,0,1,0,0,0,0,0,0,0,0,0,0,1,0,0,0,0,0
106190859,WEST HILLS HOSPITAL AND MEDICAL CENTER, Los Angeles, Los Angeles,5,1,3,1,1,1,1,11,1,2,0,0,1,1,1,0,2,2,0,1,1,1,0
106190878,WHITE MEMORIAL MEDICAL CENTER, Los Angeles, Los Angeles,5,1,4,1,1,2,1,32,2,2,0,0,1,1,1,0,2,3,0,2,1,2,0
106190883,WHITTIER HOSPITAL MEDICAL CENTER, Los Angeles, Los Angeles,5,1,3,1,1,0,1,32,2,1,0,0,1,1,1,1,1,2,0,2,1,1,0
106190930,RESNICK NEUROPSYCHIATRIC HOSPITAL AT UCLA, Los Angeles, Los Angeles,5,1,3,2,3,0,1,0,0,0,17,0,0,0,0,0,0,0,0,0,0,0,0
106190949,HENRY MAYO NEWHALL HOSPITAL, Los Angeles, Los Angeles,5,1,3,1,1,1,1,19,1,1,0,1,1,1,1,1,2,3,1,1,1,1,0
106190958,DEPARTMENT OF STATE HOSPITAL-METROPOLITAN, Los Angeles, Los Angeles,5,1,6,2,3,0,3,0,0,0,0,0,0,0,0,0,0,0,0,0,0,0,0
106191014,LANTERMAN DEVELOPMENTAL CENTER, Los Angeles, Los Angeles,5,1,3,1,7,0,3,0,0,0,0,0,0,0,0,0,0,0,0,0,0,0,0
106191216,"USC KENNETH NORRIS, JR. CANCER HOSPITAL", Los Angeles, Los Angeles,5,1,2,1,8,0,1,0,0,0,0,1,0,0,0,0,0,1,1,0,0,0,0
106191225,TOM REDGATE MEMORIAL RECOVERY CENTER, Los Angeles, Los Angeles,5,1,2,4,4,0,1,0,0,0,0,0,0,0,0,0,0,0,0,0,0,0,0
106191227,LAC/HARBOR-UCLA MEDICAL CENTER, Los Angeles, Los Angeles,5,1,4,1,1,2,2,26,1,3,0,1,1,1,1,1,3,3,1,1,1,1,0
106191228,LAC+USC MEDICAL CENTER, Los Angeles, Los Angeles,5,1,4,1,1,2,2,0,1,2,6,1,1,1,1,1,3,3,0,1,1,2,0
106191230,MARTIN LUTHER KING JR.-HARBOR HOSPITAL, Los Angeles, Los Angeles,5,1,3,1,0,3,2,0,0,0,0,0,0,0,0,0,0,0,0,0,0,0,0
106191231,LOS ANGELES COUNTY OLIVE VIEW-UCLA MEDICAL CENTER, Los Angeles, Los Angeles,5,1,3,1,1,1,1,0,1,2,0,1,1,1,1,1,2,3,1,1,1,1,0
106191306,LAC/RANCHO LOS AMIGOS NATIONAL REHAB CENTER, Los Angeles, Los Angeles,5,1,3,1,1,0,1,0,0,0,0,0,0,0,0,0,0,1,1,0,0,0,0
106191450,KAISER FND HOSP - WOODLAND HILLS, Los Angeles, Los Angeles,5,1,2,1,1,1,1,18,1,1,0,0,1,1,1,1,2,3,1,1,1,1,0
106194010,AMERICAN RECOVERY CENTER, Los Angeles, Los Angeles,5,1,2,4,4,0,1,0,0,0,0,0,0,0,0,0,0,0,0,0,0,0,0
106194219,KECK HOSPITAL OF USC, Los Angeles, Los Angeles,5,1,2,1,1,0,2,0,0,0,0,1,0,0,0,0,0,3,1,0,0,0,1
106194967,STAR VIEW ADOLESCENT - P H F, Los Angeles, Los Angeles,5,1,1,3,3,0,1,0,0,0,14,0,0,0,0,0,0,0,0,0,0,0,0
106194981,LA CASA PSYCHIATRIC HEALTH FACILITY, Los Angeles, Los Angeles,5,1,1,3,3,0,1,0,0,0,0,0,0,0,0,0,0,0,0,0,0,0,0
106196035,KAISER FND HOSP - BALDWIN PARK, Los Angeles, Los Angeles,5,1,1,1,1,1,1,41,2,1,0,1,1,1,1,1,2,3,1,2,1,1,1
106196168,EARL AND LORAINE MILLER CHILDRENS HOSPITAL, Los Angeles, Los Angeles,5,1,1,1,5,6,1,48,3,2,0,1,0,0,0,0,0,3,1,4,3,3,0
106196403,KAISER FOUNDATION HOSPITAL - DOWNEY, Los Angeles, Los Angeles,5,1,1,1,1,3,1,0,2,1,0,1,1,1,1,1,3,3,1,2,2,2,0
106196404,JOYCE EISENBERG KEEFER MEDICAL CENTER, Los Angeles, Los Angeles,5,1,1,2,3,0,1,0,0,0,0,0,0,0,1,0,0,0,0,0,0,0,0
106196405,PALMDALE REGIONAL MEDICAL CENTER, Los Angeles, Los Angeles,5,1,1,1,1,0,1,0,0,0,0,0,1,1,1,0,2,3,1,0,0,0,0
106197931,EXODUS RECOVERY P.H.F., Los Angeles, Los Angeles,5,1,6,3,3,0,1,0,0,0,0,0,0,0,0,0,0,0,0,0,0,0,0
106201281,MADERA COMMUNITY HOSPITAL, Central, Central,1,1,3,1,1,0,1,21,1,2,0,0,1,1,1,1,1,2,1,1,1,1,0
106204019,CHILDRENS HOSPITAL CENTRAL CALIFORNIA, Central, Central,1,1,1,1,5,6,1,0,0,0,0,1,1,1,1,1,2,3,1,0,0,0,0
106210992,KAISER FND HOSP - SAN RAFAEL, West Bay, West Bay,14,1,3,1,1,0,1,0,0,0,0,1,1,1,1,1,1,2,1,0,0,0,0
106210993,KENTFIELD REHABILITATION AND SPECIALTY HOSPITAL, West Bay, West Bay,14,1,3,1,1,0,1,0,0,0,0,0,0,0,0,0,0,0,0,0,0,0,0
106211006,MARIN GENERAL HOSPITAL, West Bay, West Bay,14,1,4,1,1,1,1,8,1,2,0,0,1,1,1,1,2,2,1,1,1,1,1
106214034,NOVATO COMMUNITY HOSPITAL, West Bay, West Bay,14,1,1,1,1,0,1,0,0,0,0,1,1,1,1,0,1,1,1,0,0,0,0
106220733,JOHN C FREMONT HEALTHCARE DISTRICT, Central, Central,1,1,4,1,1,0,1,0,0,0,0,0,0,0,1,0,1,0,1,0,0,0,0
106230949,FRANK R HOWARD MEMORIAL HOSPITAL, Northern California, Northern California,9,1,4,1,1,0,1,0,0,0,0,0,1,1,1,1,1,1,1,0,0,0,0
106231013,MENDOCINO COAST DISTRICT HOSPITAL, Northern California, Northern California,9,1,3,1,1,0,1,1,1,1,0,0,1,1,1,1,1,1,1,1,1,1,0
106231396,UKIAH VALLEY MEDICAL CENTER, Northern California, Northern California,9,1,2,1,1,1,1,0,1,2,0,0,1,1,1,1,1,2,1,1,1,1,0
106240924,MEMORIAL HOSPITAL LOS BANOS, North San Joaquin, North San Joaquin,8,1,3,1,1,0,1,12,1,1,0,0,1,1,1,0,1,1,0,1,1,1,0
106240942,MERCY MEDICAL CENTER - MERCED, North San Joaquin, North San Joaquin,8,1,4,1,1,0,1,30,2,1,0,1,1,1,1,0,2,2,1,2,1,2,0
106244027,MARIE GREEN PSYCHIATRIC CENTER - P H F, North San Joaquin, North San Joaquin,8,1,1,3,3,0,1,0,0,0,0,0,0,0,0,0,0,0,0,0,0,0,0
106250955,SURPRISE VALLEY COMMUNITY HOSPITAL, Northern California, Northern California,9,1,4,1,8,0,1,0,0,0,0,0,0,0,1,0,1,0,0,0,0,0,0
106250956,MODOC MEDICAL CENTER, Northern California, Northern California,9,1,4,1,1,0,1,0,1,1,0,0,0,0,1,0,1,1,1,1,0,0,0
106260011,MAMMOTH HOSPITAL, Inland Counties, Inland Counties,4,1,2,1,1,0,1,3,1,1,0,0,1,1,1,1,1,1,0,1,1,0,0
106270744,COMMUNITY HOSPITAL OF THE MONTEREY PENINSULA,Mid-Coast,Mid-Coast,0,1,3,1,1,1,1,8,1,1,0,1,1,1,1,1,2,3,1,1,1,1,0
106270777,GEORGE L MEE MEMORIAL HOSPITAL,Mid-Coast,Mid-Coast,0,1,3,1,1,0,1,0,1,1,0,0,1,1,1,0,1,1,0,1,1,1,0
106270875,SALINAS VALLEY MEMORIAL HOSPITAL,Mid-Coast,Mid-Coast,0,1,4,1,1,1,1,34,1,1,0,1,1,1,1,1,1,3,1,1,1,1,0
106274043,NATIVIDAD MEDICAL CENTER,Mid-Coast,Mid-Coast,0,1,1,1,1,1,1,18,2,2,0,1,1,0,1,0,1,2,0,2,1,1,0
106281047,QUEEN OF THE VALLEY HOSPITAL - NAPA, North Bay, North Bay,7,1,3,1,1,1,1,8,1,2,0,1,1,1,1,1,3,2,0,1,1,1,0
106281078,ST. HELENA HOSPITAL, North Bay, North Bay,7,1,4,1,1,0,1,0,1,1,0,0,1,1,1,1,1,2,1,1,1,1,0
106281266,NAPA STATE HOSPITAL, North Bay, North Bay,7,1,4,2,3,0,3,0,0,0,0,0,0,0,0,0,0,0,0,0,0,0,0
106291023,SIERRA NEVADA MEMORIAL HOSPITAL, Golden Empire, Golden Empire,3,1,3,1,1,0,1,10,1,2,0,1,1,1,1,0,1,2,1,1,1,1,0
106291053,TAHOE FOREST HOSPITAL, Golden Empire, Golden Empire,3,1,4,1,1,0,1,8,1,2,0,0,1,1,1,0,1,1,1,1,1,0,0
106300032,CHILDRENS HOSPITAL OF ORANGE COUNTY, Orange, Orange,10,1,2,1,5,4,1,0,0,0,0,0,1,1,1,1,2,3,1,0,0,0,0
106300225,ORANGE COAST MEMORIAL MEDICAL CENTER, Orange, Orange,10,1,2,1,1,1,1,20,1,2,0,1,1,1,1,0,2,3,1,1,1,1,1
106301097,ANAHEIM GENERAL HOSPITAL, Orange, Orange,10,0,3,1,0,0,1,0,0,0,0,0,0,0,0,0,0,0,0,0,0,0,0
106301098,AHMC ANAHEIM REGIONAL MEDICAL CENTER, Orange, Orange,10,1,3,1,1,1,1,12,1,1,0,0,1,1,1,1,2,3,0,1,1,1,0
106301109,ANAHEIM GENERAL HOSPITAL - BUENA PARK CAMPUS, Orange, Orange,10,0,3,1,0,0,1,0,0,0,0,0,0,0,0,0,0,0,0,0,0,0,0
106301127,KINDRED HOSPITAL BREA, Orange, Orange,10,1,2,1,1,0,1,0,0,0,0,0,1,1,1,0,0,1,0,0,0,0,0
106301132,KAISER FND HOSP - ORANGE COUNTY - LAKEVIEW, Orange, Orange,10,0,3,1,0,1,1,0,0,0,0,0,0,0,0,0,0,0,0,0,0,0,0
106301140,CHAPMAN MEDICAL CENTER, Orange, Orange,10,1,3,1,1,0,1,0,0,0,0,0,1,1,1,0,1,1,1,0,0,0,0
106301155,COLLEGE HOSPITAL COSTA MESA, Orange, Orange,10,1,3,1,3,0,1,0,0,0,9,0,1,1,1,1,0,1,1,0,0,0,0
106301167,KINDRED HOSPITAL - SANTA ANA, Orange, Orange,10,1,3,1,1,0,1,0,0,0,0,0,0,0,0,0,0,1,0,0,0,0,0
106301175,FOUNTAIN VALLEY RGNL HOSP AND MED CTR - EUCLID, Orange, Orange,10,1,3,1,1,2,1,55,2,2,0,0,1,1,1,1,2,3,1,2,1,1,0
106301188,WESTERN MEDICAL CENTER ANAHEIM, Orange, Orange,10,1,3,1,1,1,1,14,1,2,0,0,1,1,1,1,1,1,1,1,1,1,0
106301205,HOAG MEMORIAL HOSPITAL PRESBYTERIAN, Orange, Orange,10,1,4,1,1,2,2,28,3,2,0,1,1,1,1,1,3,3,1,4,2,1,1
106301209,HUNTINGTON BEACH HOSPITAL, Orange, Orange,10,1,3,1,1,0,1,0,0,0,0,0,1,1,1,1,1,1,0,0,0,0,0
106301234,LA PALMA INTERCOMMUNITY HOSPITAL, Orange, Orange,10,1,3,1,1,0,1,13,1,2,0,0,1,1,1,1,1,1,0,1,1,1,0
106301248,LOS ALAMITOS MEDICAL CENTER, Orange, Orange,10,1,3,1,1,0,1,19,1,2,0,0,1,1,1,1,2,2,0,1,1,1,1
106301258,COASTAL COMMUNITIES HOSPITAL, Orange, Orange,10,1,3,1,1,0,1,20,1,2,0,0,1,1,1,1,1,2,1,1,1,1,0
106301262,MISSION HOSPITAL REGIONAL MEDICAL CENTER, Orange, Orange,10,1,3,1,1,0,1,20,2,2,0,1,1,1,1,0,3,3,0,2,1,1,1
106301279,UNIVERSITY OF CALIFORNIA IRVINE MEDICAL CENTER, Orange, Orange,10,1,4,1,1,3,2,35,1,1,6,1,1,1,1,1,3,3,1,1,1,2,0
106301283,GARDEN GROVE HOSPITAL AND MEDICAL CENTER, Orange, Orange,10,1,3,1,1,1,1,12,1,1,0,0,1,1,1,1,1,1,0,1,1,0,0
106301297,PLACENTIA LINDA HOSPITAL, Orange, Orange,10,1,3,1,1,0,1,0,0,0,0,0,1,1,1,1,1,2,0,0,0,0,1
106301304,NEWPORT BAY HOSPITAL, Orange, Orange,10,1,3,2,3,0,1,0,0,0,0,0,0,0,0,0,0,0,0,0,0,0,0
106301317,SADDLEBACK MEMORIAL MEDICAL CENTER, Orange, Orange,10,1,3,1,1,1,1,24,2,2,0,0,1,1,1,1,2,3,1,2,1,1,1
106301325,SADDLEBACK MEMORIAL MEDICAL CENTER - SAN CLEMENTE, Orange, Orange,10,1,3,1,1,0,1,0,0,0,0,0,1,1,1,1,1,1,0,0,0,0,0
106301337,MISSION HOSPITAL LAGUNA BEACH, Orange, Orange,10,1,3,1,1,0,1,0,0,0,0,0,1,1,1,0,1,1,0,0,0,0,0
106301340,ST. JOSEPH HOSPITAL - ORANGE, Orange, Orange,10,1,3,1,1,0,2,51,3,1,0,1,1,1,1,1,2,3,1,3,2,2,0
106301342,ST. JUDE MEDICAL CENTER, Orange, Orange,10,1,3,1,1,1,1,12,2,1,0,1,1,1,1,1,2,3,1,2,1,1,0
106301357,NEWPORT SPECIALTY HOSPITAL, Orange, Orange,10,1,3,1,2,0,1,0,0,0,0,0,0,0,1,0,0,0,0,0,0,0,0
106301379,WEST ANAHEIM MEDICAL CENTER, Orange, Orange,10,1,3,1,1,0,1,0,0,0,0,0,1,1,1,1,2,1,0,0,0,0,0
106301380,KINDRED HOSPITAL WESTMINSTER, Orange, Orange,10,1,3,1,1,0,1,0,0,0,0,0,0,0,0,0,0,1,0,0,0,0,0
106301566,WESTERN MEDICAL CENTER - SANTA ANA, Orange, Orange,10,1,3,1,1,1,1,16,1,1,0,0,1,1,1,0,1,3,1,1,1,1,0
106301781,FAIRVIEW DEVELOPMENTAL CENTER, Orange, Orange,10,1,3,1,7,0,3,0,0,0,0,0,0,0,0,0,0,0,0,0,0,0,0
106304039,FOUNTAIN VALLEY RGNL HOSP AND MED CTR - WARNER, Orange, Orange,10,1,2,1,1,0,1,0,0,0,0,0,0,0,0,0,0,0,0,0,0,0,0
106304045,HOAG HOSPITAL IRVINE, Orange, Orange,10,1,2,1,1,0,1,0,0,0,0,1,1,1,1,1,1,2,1,0,0,0,0
106304079,HEALTHSOUTH TUSTIN REHABILITATION HOSPITAL, Orange, Orange,10,1,2,1,6,0,1,0,0,0,0,0,0,0,0,0,0,0,0,0,0,0,0
106304113,CHILDRENS HOSPITAL AT MISSION, Orange, Orange,10,1,2,1,5,2,1,0,0,0,0,1,1,1,1,0,1,1,1,0,0,0,0
106304159,HEALTHBRIDGE CHILDRENS HOSPITAL-ORANGE, Orange, Orange,10,1,1,1,5,0,1,0,0,0,0,0,0,0,0,0,0,0,0,0,0,0,0
106304306,KAISER FND HOSP - ORANGE COUNTY - IRVINE, Orange, Orange,10,1,1,1,1,1,1,8,2,1,0,1,1,1,1,1,2,3,1,2,1,1,0
106304409,KAISER FND HOSP - ORANGE COUNTY - ANAHEIM, Orange, Orange,10,1,6,1,1,1,1,8,2,1,0,1,1,1,1,1,2,3,1,2,2,2,0
106304460,HOAG ORTHOPEDIC INSTITUTE, Orange, Orange,10,1,1,1,1,0,1,0,0,0,0,0,1,1,1,0,0,3,1,0,0,0,0
106310791,SUTTER AUBURN FAITH HOSPITAL, Golden Empire, Golden Empire,3,1,3,1,1,0,1,0,0,0,0,1,1,1,1,1,1,1,1,0,0,0,0
106311000,SUTTER ROSEVILLE MEDICAL CENTER, Golden Empire, Golden Empire,3,1,1,1,1,1,1,0,2,1,0,1,1,1,1,1,3,3,1,2,1,1,0
106314024,KAISER FND HOSP - ROSEVILLE, Golden Empire, Golden Empire,3,1,1,1,1,3,1,30,3,1,0,1,1,1,1,1,2,3,1,3,3,3,1
106314029,TELECARE PLACER COUNTY PSYCHIATRIC HEALTH FACILITY, Golden Empire, Golden Empire,3,1,2,3,3,0,1,0,0,0,0,0,0,0,1,0,0,0,0,0,0,0,0
106320859,EASTERN PLUMAS HOSPITAL-PORTOLA CAMPUS, Northern California, Northern California,9,1,3,1,1,0,1,0,0,0,0,0,1,1,1,0,1,0,0,0,0,0,0
106320986,PLUMAS DISTRICT HOSPITAL, Northern California, Northern California,9,1,3,1,1,0,1,0,1,1,0,0,1,1,1,0,1,1,0,1,1,0,0
106321016,SENECA HEALTHCARE DISTRICT, Northern California, Northern California,9,1,4,1,1,0,1,0,0,0,0,0,1,0,1,0,1,1,0,0,0,0,0
106330120,"BETTY FORD CENTER AT EISENHOWER, THE", Inland Counties, Inland Counties,4,1,2,4,4,0,1,0,0,0,0,0,0,0,0,0,0,0,0,0,0,0,0
106331145,CORONA REGIONAL MEDICAL CENTER-MAGNOLIA, Inland Counties, Inland Counties,4,1,3,1,3,0,1,0,0,0,0,0,0,0,0,0,0,0,0,0,0,0,0
106331152,CORONA REGIONAL MEDICAL CENTER-MAIN, Inland Counties, Inland Counties,4,1,3,1,1,0,1,12,1,1,0,1,1,1,1,1,2,2,1,1,1,1,1
106331164,DESERT REGIONAL MEDICAL CENTER, Inland Counties, Inland Counties,4,1,4,1,1,2,1,5,2,1,0,0,1,1,1,1,3,3,1,2,2,2,0
106331168,EISENHOWER MEDICAL CENTER, Inland Counties, Inland Counties,4,1,3,1,1,0,2,0,0,0,0,0,1,1,1,1,3,3,1,0,0,0,0
106331194,HEMET VALLEY MEDICAL CENTER, Inland Counties, Inland Counties,4,1,4,1,1,0,2,18,1,1,0,0,1,1,1,1,2,2,1,1,1,1,0
106331216,JOHN F KENNEDY MEMORIAL HOSPITAL, Inland Counties, Inland Counties,4,1,3,1,1,1,1,35,2,1,0,0,1,1,1,0,1,3,1,2,1,1,0
106331226,VISTA BEHAVIORAL HOSPITAL, Inland Counties, Inland Counties,4,1,3,2,3,0,1,0,0,0,0,0,0,0,1,0,0,0,0,0,0,0,0
106331288,PALO VERDE HOSPITAL, Inland Counties, Inland Counties,4,1,4,1,1,0,1,6,1,2,0,0,1,1,1,0,1,1,1,1,0,0,0
106331293,PARKVIEW COMMUNITY HOSPITAL MEDICAL CENTER, Inland Counties, Inland Counties,4,1,3,1,1,1,1,20,2,1,0,1,1,1,1,1,2,3,1,2,1,1,1
106331312,RIVERSIDE COMMUNITY HOSPITAL, Inland Counties, Inland Counties,4,1,4,1,1,1,1,21,2,1,0,0,1,1,1,1,3,3,0,2,1,1,1
106331326,SAN GORGONIO MEMORIAL HOSPITAL, Inland Counties, Inland Counties,4,1,4,1,1,0,1,10,1,1,0,0,1,1,1,1,1,1,0,1,1,0,0
106332172,KINDRED HOSPITAL RIVERSIDE, Inland Counties, Inland Counties,4,1,2,1,1,0,1,0,0,0,0,0,0,0,0,0,0,1,0,0,0,0,0
106334001,SOUTHWEST HEALTHCARE SYSTEM-WILDOMAR, Inland Counties, Inland Counties,4,1,2,1,1,0,1,0,0,0,0,0,1,1,1,1,2,3,1,0,0,0,0
106334018,MENIFEE VALLEY MEDICAL CENTER, Inland Counties, Inland Counties,4,1,2,1,1,0,1,0,0,0,0,0,1,1,1,1,1,1,0,0,0,0,0
106334025,KAISER FND HOSP - RIVERSIDE, Inland Counties, Inland Counties,4,1,2,1,1,1,1,6,2,1,0,1,1,1,1,1,1,3,0,2,1,1,1
106334048,KAISER FND HOSPITAL - MORENO VALLEY, Inland Counties, Inland Counties,4,1,2,1,1,0,1,12,1,1,0,1,1,1,1,1,1,1,0,1,1,1,0
106334068,SOUTHWEST HEALTHCARE SYSTEM-MURRIETA, Inland Counties, Inland Counties,4,1,2,1,1,0,1,8,2,1,0,0,1,1,1,1,1,2,1,2,1,1,0
106334457,TELECARE RIVERSIDE COUNTY PSYCHIATRIC HEALTH FACILITY, Inland Counties, Inland Counties,4,1,2,3,3,0,1,0,0,0,0,0,0,0,0,0,0,0,0,0,0,0,0
106334487,RIVERSIDE COUNTY REGIONAL MEDICAL CENTER, Inland Counties, Inland Counties,4,1,1,1,1,2,2,35,1,2,1,1,1,1,1,1,3,3,1,1,1,1,0
106334564,TEMECULA VALLEY HOSPITAL, Inland Counties, Inland Counties,4,1,6,1,1,0,1,0,0,0,0,0,1,1,1,1,1,1,1,0,0,0,0
106334589,LOMA LINDA UNIVERSITY MEDICAL CENTER-MURRIETA, Inland Counties, Inland Counties,4,1,1,1,1,0,1,14,1,1,0,0,1,1,1,0,2,3,0,1,1,1,0
106340913,KAISER FND HOSP - SACRAMENTO, Golden Empire, Golden Empire,3,1,3,1,1,0,1,0,0,0,0,1,1,1,1,1,2,3,1,0,0,0,0
106340947,MERCY GENERAL HOSPITAL, Golden Empire, Golden Empire,3,1,4,1,1,0,2,2038,0,0,0,1,1,1,1,1,2,3,1,2,1,1,1
106340950,MERCY SAN JUAN HOSPITAL, Golden Empire, Golden Empire,3,1,3,1,1,2,1,60,1,2,0,1,1,1,1,0,3,3,1,2,3,3,0
106340951,METHODIST HOSPITAL OF SACRAMENTO, Golden Empire, Golden Empire,3,1,3,1,1,1,1,30,1,1,0,1,1,1,1,0,2,2,1,1,1,1,0
106341006,UNIVERSITY OF CALIFORNIA DAVIS MEDICAL CENTER, Golden Empire, Golden Empire,3,1,4,1,1,3,2,10,1,2,0,1,1,1,1,1,3,3,1,1,2,1,0
106341051,SUTTER GENERAL HOSPITAL, Golden Empire, Golden Empire,3,1,2,1,1,0,1,0,0,0,0,1,1,1,1,1,2,3,1,0,0,0,0
106341052,SUTTER MEMORIAL HOSPITAL, Golden Empire, Golden Empire,3,0,4,1,1,3,1,44,3,1,0,1,1,1,1,1,1,3,0,3,3,3,0
106342344,KAISER FND HOSP - SOUTH SACRAMENTO, Golden Empire, Golden Empire,3,1,2,1,1,1,1,0,2,1,0,0,1,1,1,0,2,3,0,2,1,1,0
106342392,SIERRA VISTA HOSPITAL, Golden Empire, Golden Empire,3,1,2,2,3,0,1,0,0,0,16,1,0,0,0,0,0,0,0,0,0,0,0
106344011,SACRAMENTO MENTAL HEALTH TREATMENT CENTER, Golden Empire, Golden Empire,3,1,2,3,3,0,1,0,0,0,0,0,0,0,0,0,0,0,0,0,0,0,0
106344017,SUTTER CENTER FOR PSYCHIATRY, Golden Empire, Golden Empire,3,1,2,2,3,0,1,0,0,0,4,0,0,0,0,0,0,0,0,0,0,0,0
106344021,HERITAGE OAKS HOSPITAL, Golden Empire, Golden Empire,3,1,2,2,3,0,1,0,0,0,9,0,0,0,0,0,0,0,0,0,0,0,0
106344029,MERCY HOSPITAL - FOLSOM, Golden Empire, Golden Empire,3,1,2,1,1,0,1,8,1,2,0,1,1,1,1,1,2,2,1,1,1,1,0
106344035,VIBRA HOSPITAL OF SACRAMENTO, Golden Empire, Golden Empire,3,1,3,1,1,0,1,0,0,0,0,0,0,0,0,0,0,1,0,0,0,0,0
106344114,SHRINERS HOSPITALS FOR CHILDREN NORTHERN CALIF., Golden Empire, Golden Empire,3,1,1,1,5,0,1,0,0,0,0,0,0,0,0,0,0,2,1,0,0,0,0
106344170,CRESTWOOD PSYCHIATRIC HEALTH FACILITY-CARMICHAEL, Golden Empire, Golden Empire,3,1,1,3,3,0,1,0,0,0,0,0,0,0,0,0,0,0,0,0,0,0,0
106344188,CRESTWOOD PSYCHIATRIC HEALTH FACILITY-SACRAMENTO, Golden Empire, Golden Empire,3,1,6,3,3,0,1,0,0,0,0,0,0,0,0,0,0,0,0,0,0,0,0
106350784,HAZEL HAWKINS MEMORIAL HOSPITAL,Mid-Coast,Mid-Coast,0,1,3,1,1,0,1,13,1,2,0,1,1,1,1,0,1,1,1,1,1,0,1
106361110,BEAR VALLEY COMMUNITY HOSPITAL, Inland Counties, Inland Counties,4,1,3,1,1,0,1,0,0,0,0,0,1,1,1,0,1,1,0,0,0,0,0
106361144,CHINO VALLEY MEDICAL CENTER, Inland Counties, Inland Counties,4,1,3,1,1,0,1,0,0,0,0,0,1,1,1,1,1,1,0,0,0,0,0
106361166,MONTCLAIR HOSPITAL MEDICAL CENTER, Inland Counties, Inland Counties,4,1,3,1,1,0,1,0,1,2,0,0,1,1,1,1,1,1,0,1,1,1,0
106361223,KAISER FND HOSP - FONTANA, Inland Counties, Inland Counties,4,1,4,1,1,2,2,0,2,1,0,0,1,1,1,1,2,3,1,2,2,2,0
106361245,LOMA LINDA UNIV. MED. CENTER EAST CAMPUS HOSPITAL, Inland Counties, Inland Counties,4,1,3,1,1,0,1,0,0,0,0,0,1,0,1,0,0,2,1,0,0,0,0
106361246,LOMA LINDA UNIVERSITY MEDICAL CENTER, Inland Counties, Inland Counties,4,1,4,1,1,0,1,11,2,2,0,1,1,1,1,1,2,3,1,2,2,2,1
106361266,MOUNTAINS COMMUNITY HOSPITAL, Inland Counties, Inland Counties,4,1,4,1,1,0,1,0,0,0,0,0,0,1,1,0,1,1,0,0,0,0,0
106361274,KINDRED HOSPITAL ONTARIO, Inland Counties, Inland Counties,4,1,4,1,8,0,1,0,0,0,0,0,1,1,1,0,0,1,0,0,0,0,0
106361308,REDLANDS COMMUNITY HOSPITAL, Inland Counties, Inland Counties,4,1,4,1,1,1,1,0,2,1,0,1,1,1,1,1,2,3,1,2,1,1,0
106361318,SAN ANTONIO COMMUNITY HOSPITAL, Inland Counties, Inland Counties,4,1,4,1,1,1,1,28,1,2,0,1,1,1,1,0,2,3,1,2,1,1,1
106361323,COMMUNITY HOSPITAL OF SAN BERNARDINO, Inland Counties, Inland Counties,4,1,3,1,1,1,1,0,1,2,0,1,1,1,1,1,2,2,1,2,1,1,0
106361339,ST. BERNARDINE MEDICAL CENTER, Inland Counties, Inland Counties,4,1,4,1,1,1,2,33,1,1,0,1,1,1,1,0,2,3,1,2,1,1,0
106361343,ST. MARY MEDICAL CENTER - APPLE VALLEY, Inland Counties, Inland Counties,4,1,3,1,1,1,1,16,1,1,0,1,1,1,1,0,2,3,1,2,1,1,0
106361370,VICTOR VALLEY GLOBAL MEDICAL CENTER, Inland Counties, Inland Counties,4,1,3,1,1,1,1,13,1,1,0,0,1,1,1,1,1,2,1,1,1,1,0
106361458,COLORADO RIVER MEDICAL CENTER, Inland Counties, Inland Counties,4,1,4,1,1,0,1,0,0,0,0,0,1,1,1,0,1,1,1,0,0,0,0
106361768,PATTON STATE HOSPITAL, Inland Counties, Inland Counties,4,1,3,2,3,0,3,0,0,0,0,0,0,0,1,0,0,0,0,0,0,0,0
106362041,HI-DESERT MEDICAL CENTER, Inland Counties, Inland Counties,4,1,3,1,1,0,1,7,1,1,0,0,1,1,1,1,1,1,1,1,1,0,1
106364014,LOMA LINDA UNIVERSITY BEHAVIORAL MEDICINE CENTER, Inland Counties, Inland Counties,4,1,2,2,3,0,1,0,0,0,17,0,0,0,0,0,0,0,0,0,0,0,0
106364050,CANYON RIDGE HOSPITAL, Inland Counties, Inland Counties,4,1,2,2,3,0,1,0,0,0,14,0,0,0,0,0,0,0,0,0,0,0,0
106364121,BALLARD REHABILITATION HOSPITAL, Inland Counties, Inland Counties,4,1,2,1,6,0,1,0,0,0,0,0,0,0,0,0,0,0,0,0,0,0,0
106364144,DESERT VALLEY HOSPITAL, Inland Counties, Inland Counties,4,1,2,1,1,0,1,0,0,0,0,0,1,1,1,0,2,2,0,1,1,1,0
106364188,KINDRED HOSPITAL RANCHO, Inland Counties, Inland Counties,4,1,2,1,1,0,1,0,0,0,0,0,1,1,1,0,0,1,0,0,0,0,0
106364231,ARROWHEAD REGIONAL MEDICAL CENTER, Inland Counties, Inland Counties,4,1,1,1,1,2,2,30,2,2,0,1,1,1,1,1,3,3,0,2,2,1,0
106364265,KAISER ONTARIO MEDICAL CENTER CAMPUS, Inland Counties, Inland Counties,4,1,6,1,1,1,1,0,1,1,0,0,1,1,1,1,1,2,1,2,1,1,0
106364268,LOMA LINDA UNIVERSITY HEART AND SURGICAL HOSPITAL, Inland Counties, Inland Counties,4,1,1,1,1,0,1,0,0,0,0,0,0,0,0,0,0,2,1,0,0,0,0
106364430,BARSTOW COMMUNITY HOSPITAL, Inland Counties, Inland Counties,4,1,6,1,1,0,1,6,1,1,0,0,1,1,1,0,1,1,1,1,1,1,0
106364451,TOTALLY KIDS REHABILITATION HOSPITAL, Inland Counties, Inland Counties,4,1,6,1,2,0,1,0,0,0,0,0,0,0,1,0,0,0,0,0,0,0,0
106364502,LOMA LINDA UNIVERSITY CHILDRENS HOSPITAL, Inland Counties, Inland Counties,4,1,6,1,1,5,1,1,1,2,0,0,1,1,1,1,1,1,1,1,1,1,0
106370652,ALVARADO HOSPITAL MEDICAL CENTER, San Diego/Imperial, San Diego/Imperial,11,1,3,1,1,0,1,0,0,0,0,0,1,1,1,1,1,2,0,0,0,0,0
106370658,SCRIPPS MERCY HOSPITAL - CHULA VISTA, San Diego/Imperial, San Diego/Imperial,11,1,3,1,1,1,1,30,1,1,0,1,1,1,1,1,2,2,1,1,1,1,1
106370673,RADY CHILDRENS HOSPITAL - SAN DIEGO, San Diego/Imperial, San Diego/Imperial,11,1,4,1,5,6,2,0,0,0,11,0,1,1,1,1,2,3,1,0,0,0,0
106370689,SHARP CORONADO HOSPITAL AND HEALTHCARE CENTER, San Diego/Imperial, San Diego/Imperial,11,1,4,1,2,0,1,0,0,0,0,0,1,1,1,1,1,2,1,0,0,0,0
106370694,SHARP MEMORIAL HOSPITAL, San Diego/Imperial, San Diego/Imperial,11,1,3,1,1,0,2,0,0,0,0,1,1,1,1,1,3,3,1,0,0,0,1
106370695,SHARP MARY BIRCH HOSPITAL FOR WOMEN AND NEWBORNS, San Diego/Imperial, San Diego/Imperial,11,1,1,1,1,5,1,40,3,2,0,0,0,0,0,0,0,3,0,4,3,3,0
106370714,GROSSMONT HOSPITAL, San Diego/Imperial, San Diego/Imperial,11,1,4,1,1,2,2,24,2,2,0,1,1,1,1,1,3,3,1,2,1,1,1
106370721,KINDRED HOSPITAL - SAN DIEGO, San Diego/Imperial, San Diego/Imperial,11,1,4,1,8,0,1,0,0,0,0,0,0,0,0,0,0,1,0,0,0,0,0
106370730,KAISER FND HOSP - SAN DIEGO, San Diego/Imperial, San Diego/Imperial,11,1,3,1,1,2,2,16,2,1,0,1,1,1,1,1,3,3,1,3,2,2,1
106370744,SCRIPPS MERCY HOSPITAL, San Diego/Imperial, San Diego/Imperial,11,1,4,1,1,1,2,40,1,1,0,1,1,1,1,1,3,3,1,1,1,1,1
106370745,SHARP MESA VISTA HOSPITAL, San Diego/Imperial, San Diego/Imperial,11,1,3,2,3,0,1,0,0,0,7,0,0,0,0,0,0,0,0,0,0,0,0
106370749,ALVARADO PARKWAY INSTITUTE B.H.S., San Diego/Imperial, San Diego/Imperial,11,1,3,2,3,0,1,0,0,0,0,0,0,0,0,0,0,0,0,0,0,0,0
106370755,PALOMAR HEALTH DOWNTOWN CAMPUS, San Diego/Imperial, San Diego/Imperial,11,1,4,1,1,0,1,30,2,1,0,0,0,0,1,0,1,2,1,2,2,3,0
106370759,PARADISE VALLEY HOSPITAL, San Diego/Imperial, San Diego/Imperial,11,1,3,1,1,0,1,35,1,1,0,0,1,1,1,1,2,1,0,1,1,1,1
106370771,SCRIPPS MEMORIAL HOSPITAL - LA JOLLA, San Diego/Imperial, San Diego/Imperial,11,1,3,1,1,0,1,0,2,2,0,1,1,1,1,1,2,3,1,2,2,1,0
106370780,TRI-CITY MEDICAL CENTER, San Diego/Imperial, San Diego/Imperial,11,1,3,1,1,1,1,48,2,2,0,0,1,1,1,1,3,3,1,2,1,1,1
106370782,UNIVERSITY OF CALIF-SAN DIEGO MEDICAL CENTER, San Diego/Imperial, San Diego/Imperial,11,1,4,1,1,3,1,3,2,2,0,1,1,1,1,1,2,3,1,2,2,3,0
106370787,PROMISE HOSPITAL OF SAN DIEGO, San Diego/Imperial, San Diego/Imperial,11,1,3,1,1,0,1,0,0,0,0,0,1,1,1,0,0,1,1,0,0,0,0
106370875,SHARP CHULA VISTA MEDICAL CENTER, San Diego/Imperial, San Diego/Imperial,11,1,3,1,1,1,1,21,2,1,0,0,1,1,1,1,3,3,1,2,1,1,0
106370977,POMERADO HOSPITAL, San Diego/Imperial, San Diego/Imperial,11,1,2,1,1,1,1,19,1,1,0,0,1,1,1,0,1,2,1,1,1,1,0
106371256,SCRIPPS GREEN HOSPITAL, San Diego/Imperial, San Diego/Imperial,11,1,2,1,1,0,1,0,0,0,0,0,0,0,0,0,0,3,0,0,0,0,0
106371394,SCRIPPS MEMORIAL HOSPITAL - ENCINITAS, San Diego/Imperial, San Diego/Imperial,11,1,3,1,1,0,1,3,2,1,0,1,1,1,1,0,2,2,0,2,1,1,1
106374024,AURORA SAN DIEGO, San Diego/Imperial, San Diego/Imperial,11,1,2,2,3,0,1,0,0,0,16,0,0,0,0,0,0,0,0,0,0,0,0
106374049,SHARP MCDONALD CENTER, San Diego/Imperial, San Diego/Imperial,11,1,2,4,4,0,1,0,0,0,0,0,0,0,0,0,0,0,0,0,0,0,0
106374055,SAN DIEGO COUNTY PSYCHIATRIC HOSPITAL, San Diego/Imperial, San Diego/Imperial,11,1,2,2,3,0,1,0,0,0,0,0,0,0,1,1,0,0,0,0,0,0,0
106374063,ALVARADO HOSPITAL MEDICAL CENTER, San Diego/Imperial, San Diego/Imperial,11,1,2,1,6,0,1,0,0,0,0,0,1,1,1,1,0,0,0,0,0,0,0
106374094,VIBRA HOSPITAL OF SAN DIEGO, San Diego/Imperial, San Diego/Imperial,11,1,2,1,1,0,1,0,0,0,0,0,0,0,0,0,0,0,0,0,0,0,0
106374141,"UCSD-La Jolla, John M/Sally B Thornton Hosp AND Sulpizo Cardiovascular Center", San Diego/Imperial, San Diego/Imperial,11,1,2,1,1,0,1,0,0,0,0,1,1,1,1,1,1,3,1,0,0,0,0
106374382,PALOMAR MEDICAL CENTER, San Diego/Imperial, San Diego/Imperial,11,1,6,1,1,0,1,0,0,0,0,0,1,1,1,1,2,3,1,0,0,0,0
106380777,CALIFORNIA PACIFIC MED CTR-CALIFORNIA WEST, West Bay, West Bay,14,1,4,1,1,2,1,0,3,2,0,1,1,1,1,1,1,3,1,3,2,2,0
106380826,CALIFORNIA PACIFIC MED CTR-CALIFORNIA EAST, West Bay, West Bay,14,1,4,1,1,0,1,0,0,0,0,1,0,0,0,0,0,0,0,0,0,0,0
106380842,JEWISH HOME, West Bay, West Bay,14,1,2,2,3,0,2,0,0,0,0,0,0,0,0,0,0,0,0,0,0,0,0
106380857,KAISER FND HOSP - SAN FRANCISCO, West Bay, West Bay,14,1,4,1,1,2,1,22,2,1,0,1,1,1,1,1,1,3,1,2,2,1,0
106380865,LAGUNA HONDA HOSPITAL AND REHABILITATION CENTER, West Bay, West Bay,14,1,4,1,2,0,2,0,0,0,0,1,0,0,0,0,0,0,0,0,0,0,0
106380868,LANGLEY PORTER PSYCHIATRIC INSTITUTE, West Bay, West Bay,14,1,4,2,3,0,1,0,0,0,0,0,0,0,0,0,0,0,0,0,0,0,0
106380895,UCSF MEDICAL CENTER AT MOUNT ZION, West Bay, West Bay,14,1,4,1,1,0,1,0,0,0,0,1,0,0,0,0,0,2,1,0,0,0,0
106380929,CALIFORNIA PACIFIC MED CTR-PACIFIC CAMPUS, West Bay, West Bay,14,1,3,1,1,0,1,0,0,0,0,1,1,1,1,1,2,3,1,0,0,0,1
106380933,CALIFORNIA PACIFIC MED CTR-DAVIES CAMPUS, West Bay, West Bay,14,1,4,1,1,0,1,0,0,0,0,1,1,1,1,1,1,2,1,0,0,0,0
106380939,SAN FRANCISCO GENERAL HOSPITAL, West Bay, West Bay,14,1,4,1,1,1,2,0,1,2,0,1,1,1,1,1,3,3,1,1,1,1,0
106380960,ST. FRANCIS MEMORIAL HOSPITAL, West Bay, West Bay,14,1,4,1,1,0,1,0,0,0,0,1,1,1,1,1,1,2,1,0,0,0,0
106380964,CALIFORNIA PACIFIC MEDICAL CENTER - ST. LUKES CAMPUS, West Bay, West Bay,14,1,4,1,1,1,1,0,1,2,0,1,1,1,1,1,1,1,1,1,1,1,0
106380965,"ST. MARYS MEDICAL CENTER, SAN FRANCISCO", West Bay, West Bay,14,1,4,1,1,0,2,0,0,0,5,1,1,1,1,1,1,2,0,0,0,0,0
106381154,UCSF MEDICAL CENTER, West Bay, West Bay,14,1,5,1,1,3,2,26,1,2,0,1,1,1,1,1,2,3,1,2,2,2,1
106382715,CHINESE HOSPITAL, West Bay, West Bay,14,1,4,1,1,0,1,0,0,0,0,0,1,1,1,1,1,1,1,0,0,0,0
106384200,UCSF MEDICAL CENTER AT MISSION BAY, West Bay, West Bay,14,1,6,1,0,3,1,0,0,0,0,0,0,0,0,0,0,0,0,0,0,0,0
106390846,DAMERON HOSPITAL, North San Joaquin, North San Joaquin,8,1,4,1,1,1,1,24,1,1,0,0,1,1,1,0,1,2,0,1,1,2,0
106390922,LODI MEMORIAL HOSPITAL - WEST, North San Joaquin, North San Joaquin,8,0,3,1,1,0,1,0,0,0,0,0,0,0,0,0,0,0,0,0,0,0,0
106390923,LODI MEMORIAL HOSPITAL, North San Joaquin, North San Joaquin,8,1,4,1,1,0,1,15,1,1,0,1,1,1,1,1,2,2,0,1,1,1,0
106391010,SAN JOAQUIN GENERAL HOSPITAL, North San Joaquin, North San Joaquin,8,1,4,1,1,2,1,16,1,2,0,1,1,1,1,1,2,3,0,2,1,1,0
106391042,ST. JOSEPHS MEDICAL CENTER OF STOCKTON, North San Joaquin, North San Joaquin,8,1,4,1,1,2,1,27,2,2,0,1,1,1,1,1,3,3,1,2,1,1,1
106391056,SUTTER TRACY COMMUNITY HOSPITAL, North San Joaquin, North San Joaquin,8,1,4,1,1,0,1,8,1,2,0,0,1,1,1,0,1,1,1,1,1,1,0
106392232,ST. JOSEPHS BEHAVIORAL HEALTH CENTER, North San Joaquin, North San Joaquin,8,1,3,2,3,0,1,0,0,0,0,0,0,0,0,0,0,0,0,0,0,0,0
106392287,DOCTORS HOSPITAL OF MANTECA, North San Joaquin, North San Joaquin,8,1,3,1,1,0,1,6,1,1,0,0,1,1,1,1,1,1,1,1,1,1,0
106394003,SAN JOAQUIN COUNTY P.H.F., North San Joaquin, North San Joaquin,8,1,2,3,3,0,1,0,0,0,0,0,0,0,0,0,0,0,0,0,0,0,0
106394009,KAISER FND HOSP-MANTECA, North San Joaquin, North San Joaquin,8,1,2,1,1,0,1,0,0,0,0,1,1,1,1,1,1,1,1,0,0,0,0
106400466,"MARIAN REGIONAL MEDICAL CENTER, ARROYO GRANDE",Mid-Coast,Mid-Coast,0,1,3,1,1,0,1,0,0,0,0,0,1,1,1,1,1,1,1,0,0,0,1
106400480,FRENCH HOSPITAL MEDICAL CENTER,Mid-Coast,Mid-Coast,0,1,3,1,1,0,1,8,1,2,0,0,1,1,1,1,1,2,1,1,1,0,1
106400524,SIERRA VISTA REGIONAL MEDICAL CENTER,Mid-Coast,Mid-Coast,0,1,3,1,1,2,1,22,1,2,0,0,1,1,1,1,1,2,1,1,1,1,0
106400548,TWIN CITIES COMMUNITY HOSPITAL,Mid-Coast,Mid-Coast,0,1,2,1,1,0,1,12,1,2,0,0,1,1,1,1,1,2,1,1,1,1,0
106400683,ATASCADERO STATE HOSPITAL,Mid-Coast,Mid-Coast,0,1,4,2,3,0,3,0,0,0,0,0,0,0,1,1,0,0,0,0,0,0,0
106404046,SAN LUIS OBISPO CO PSYCHIATRIC HEALTH FACILITY,Mid-Coast,Mid-Coast,0,1,1,3,3,0,1,0,0,0,0,0,0,0,0,0,0,0,0,0,0,0,0
106410742,MILLS  HEALTH CENTER, West Bay, West Bay,14,0,4,1,1,0,1,0,0,0,4,0,0,0,0,0,0,1,1,0,0,0,0
106410782,SAN MATEO MEDICAL CENTER, West Bay, West Bay,14,1,4,1,1,0,2,0,0,0,0,1,1,1,1,1,1,1,1,0,0,0,1
106410804,KAISER FND HOSP - REDWOOD CITY, West Bay, West Bay,14,0,3,1,1,1,1,24,3,1,0,1,1,1,1,1,1,3,1,1,1,1,0
106410806,KAISER FND HOSP - SOUTH SAN FRANCISCO, West Bay, West Bay,14,1,3,1,1,0,1,0,0,0,0,1,1,1,1,1,1,2,1,0,0,0,0
106410817,SETON MEDICAL CENTER, West Bay, West Bay,14,1,3,1,1,1,1,14,1,2,0,0,1,1,1,0,2,2,1,1,1,1,0
106410828,SETON COASTSIDE, West Bay, West Bay,14,1,3,1,2,0,1,0,0,0,0,0,0,0,1,0,0,0,0,0,0,0,0
106410852,MILLS-PENINSULA MEDICAL CENTER, West Bay, West Bay,14,1,4,1,1,1,1,0,2,2,0,1,1,1,1,1,2,3,1,2,1,1,0
106410891,SEQUOIA HOSPITAL, West Bay, West Bay,14,1,4,1,1,0,1,21,1,2,0,1,1,1,1,0,1,2,1,1,1,1,1
106414018,MENLO PARK SURGICAL HOSPITAL, West Bay, West Bay,14,1,2,1,1,0,1,0,0,0,0,0,0,0,0,0,0,1,1,0,0,0,0
106414139,KAISER FND HOSP - REDWOOD CITY, West Bay, West Bay,14,1,6,1,0,1,1,0,0,0,0,0,0,0,0,0,0,0,0,0,0,0,0
106420483,GOLETA VALLEY COTTAGE HOSPITAL, Santa Barbara/Ventura, Santa Barbara/Ventura,12,1,3,1,1,0,1,0,0,0,0,0,1,1,1,1,1,2,1,0,0,0,0
106420491,LOMPOC VALLEY MEDICAL CENTER, Santa Barbara/Ventura, Santa Barbara/Ventura,12,1,4,1,1,0,1,0,1,2,0,0,1,1,1,0,1,1,0,1,0,0,0
106420493,MARIAN REGIONAL MEDICAL CENTER, Santa Barbara/Ventura, Santa Barbara/Ventura,12,1,3,1,1,2,2,28,2,2,0,0,1,1,1,1,2,3,1,2,1,2,1
106420514,SANTA BARBARA COTTAGE HOSPITAL, Santa Barbara/Ventura, Santa Barbara/Ventura,12,1,4,1,1,2,2,34,2,2,0,1,1,1,1,1,2,3,1,2,1,1,1
106420522,SANTA YNEZ VALLEY COTTAGE HOSPITAL, Santa Barbara/Ventura, Santa Barbara/Ventura,12,1,3,1,1,0,1,0,0,0,0,0,0,0,1,1,1,0,1,0,0,0,0
106424002,SANTA BARBARA PSYCHIATRIC HEALTH FACILITY, Santa Barbara/Ventura, Santa Barbara/Ventura,12,1,2,3,3,0,1,0,0,0,0,0,0,0,0,0,0,0,0,0,0,0,0
106424047,COTTAGE REHABILITATION HOSPITAL, Santa Barbara/Ventura, Santa Barbara/Ventura,12,1,1,1,6,0,1,0,0,0,0,0,0,0,0,0,0,0,0,0,0,0,0
106424102,THE CHAMPION CENTER, Santa Barbara/Ventura, Santa Barbara/Ventura,12,1,6,4,0,0,1,0,0,0,0,0,0,0,0,0,0,0,0,0,0,0,0
106430705,REGIONAL MEDICAL OF SAN JOSE, Santa Clara, Santa Clara,13,1,3,1,1,1,1,20,1,2,0,1,1,1,1,1,3,3,1,1,1,1,1
106430743,EL CAMINO HOSPITAL LOS GATOS, Santa Clara, Santa Clara,13,1,3,1,1,1,1,8,1,2,0,0,1,1,1,0,1,2,1,1,1,1,0
106430763,EL CAMINO HOSPITAL, Santa Clara, Santa Clara,13,1,3,1,1,1,1,44,3,2,0,1,1,1,1,0,2,3,1,3,2,1,0
106430779,GOOD SAMARITAN HOSPITAL-SAN JOSE, Santa Clara, Santa Clara,13,1,3,1,1,3,2,29,2,2,0,0,0,0,1,0,2,3,0,2,2,2,1
106430837,OCONNOR HOSPITAL, Santa Clara, Santa Clara,13,1,4,1,1,1,1,10,2,2,0,1,1,1,1,1,2,3,1,2,1,1,0
106430883,SANTA CLARA VALLEY MEDICAL CENTER, Santa Clara, Santa Clara,13,1,4,1,1,2,2,0,2,2,0,1,1,1,1,1,3,3,1,2,2,1,1
106430905,STANFORD HOSPITAL, Santa Clara, Santa Clara,13,1,4,1,1,0,2,0,0,0,0,1,1,1,1,1,3,3,1,0,0,0,1
106430915,MISSION OAKS HOSPITAL, Santa Clara, Santa Clara,13,1,3,1,1,0,1,0,0,0,0,0,0,0,0,0,0,0,0,0,0,0,0
106431506,KAISER FND HOSP - SAN JOSE, Santa Clara, Santa Clara,13,1,3,1,1,1,1,32,2,1,0,1,1,1,1,0,2,3,1,2,1,1,0
106434040,LUCILE SALTER PACKARD CHILDRENS HOSP. AT STANFORD, Santa Clara, Santa Clara,13,1,2,1,5,4,1,64,2,2,0,0,0,0,0,0,0,2,1,2,3,2,1
106434051,CHILDRENS RECOVERY CENTER OF NORTHERN CALIFORNIA, Santa Clara, Santa Clara,13,1,2,1,2,0,1,0,0,0,0,0,0,0,0,0,0,0,0,0,0,0,0
106434138,ST. LOUISE REGIONAL HOSPITAL, Santa Clara, Santa Clara,13,1,1,1,1,0,1,20,1,1,0,0,1,1,1,0,1,1,0,1,1,1,0
106434153,KAISER FND HOSP - SANTA CLARA, Santa Clara, Santa Clara,13,1,1,1,1,2,1,28,3,1,0,1,1,1,1,0,2,3,1,3,2,2,0
106434218,KAISER PERMANENTE P.H.F - SANTA CLARA, Santa Clara, Santa Clara,13,1,1,3,3,0,1,0,0,0,0,0,0,0,0,0,0,0,0,0,0,0,0
106434220,CRESTWOOD PSYCHIATRIC HEALTH FACILITY-SAN JOSE, Santa Clara, Santa Clara,13,1,1,3,3,0,1,0,0,0,0,0,0,0,0,0,0,0,0,0,0,0,0
106440755,DOMINICAN HOSPITAL,Mid-Coast,Mid-Coast,0,1,3,1,1,1,1,25,1,2,0,1,1,1,1,1,2,3,1,1,1,1,0
106444012,SUTTER MATERNITY AND SURGERY CENTER OF SANTA CRUZ,Mid-Coast,Mid-Coast,0,1,2,1,1,0,1,12,1,2,0,0,0,0,0,0,0,1,1,1,1,0,0
106444013,WATSONVILLE COMMUNITY HOSPITAL,Mid-Coast,Mid-Coast,0,1,1,1,1,1,1,28,1,2,0,0,1,1,1,1,1,2,1,1,1,1,0
106444029,TELECARE SANTA CRUZ PHF,Mid-Coast,Mid-Coast,0,1,6,3,3,0,1,0,0,0,0,0,0,0,0,0,0,0,0,0,0,0,0
106450936,MAYERS MEMORIAL HOSPITAL, Northern California, Northern California,9,1,3,1,1,0,1,4,1,1,0,0,1,1,1,0,1,1,0,1,1,0,0
106450940,SHASTA REGIONAL MEDICAL CENTER, Northern California, Northern California,9,1,4,1,1,0,1,0,0,0,0,0,1,1,1,1,2,2,0,0,0,0,1
106450949,MERCY MEDICAL CENTER - REDDING, Northern California, Northern California,9,1,4,1,1,1,1,16,1,1,0,1,1,1,1,1,2,3,0,1,1,0,1
106454012,VIBRA HOSPITAL OF NORTHERN CALIFORNIA, Northern California, Northern California,9,1,2,1,8,0,1,0,0,0,0,0,0,0,1,0,0,0,0,0,0,0,0
106454013,PATIENTS HOSPITAL OF REDDING, Northern California, Northern California,9,1,2,1,1,0,1,0,0,0,0,0,1,1,1,0,0,1,0,0,0,0,0
106454068,RESTPADD PSYCHIATRIC HEALTH FACILITY, Northern California, Northern California,9,1,6,3,3,0,1,0,0,0,0,0,0,0,0,0,0,0,0,0,0,0,0
106470871,MERCY MEDICAL CENTER MT. SHASTA, Northern California, Northern California,9,1,3,1,1,0,1,4,1,1,0,0,1,1,1,0,1,1,1,1,1,0,0
106474007,FAIRCHILD MEDICAL CENTER, Northern California, Northern California,9,1,1,1,1,0,1,0,1,2,0,0,1,1,1,0,1,1,0,1,1,1,0
106480989,KAISER FND HOSP - REHABILITATION CENTER VALLEJO, North Bay, North Bay,7,1,3,1,1,1,1,22,1,1,0,1,1,1,1,1,1,2,0,1,1,1,0
106481015,ST. HELENA HOSPITAL CENTER FOR BEHAVIORAL HEALTH, North Bay, North Bay,7,1,3,2,3,0,1,0,0,0,13,0,0,0,0,0,0,0,0,0,0,0,0
106481094,SUTTER SOLANO MEDICAL CENTER, North Bay, North Bay,7,1,4,1,1,0,1,12,1,1,0,1,1,1,1,0,1,2,1,1,1,1,0
106481357,NORTH BAY MEDICAL CENTER, North Bay, North Bay,7,1,3,1,1,1,1,11,1,1,0,1,1,1,1,0,1,2,1,1,1,1,0
106484001,NORTH BAY VACAVALLEY HOSPITAL, North Bay, North Bay,7,1,2,1,1,0,1,0,0,0,0,1,1,1,1,0,1,1,1,0,0,0,0
106484044,KAISER FOUNDATION HOSPITAL - VACAVILLE, North Bay, North Bay,7,1,1,1,1,0,1,20,1,1,0,1,1,1,1,1,1,2,1,1,1,1,0
106484062,CRESTWOOD SOLANO PSYCHIATRIC HEALTH FACILITY, North Bay, North Bay,7,1,6,3,3,0,1,0,0,0,0,0,0,0,0,0,0,0,0,0,0,0,0
106490907,SANTA ROSA MEMORIAL HOSPITAL-SOTOYOME, North Bay, North Bay,7,1,3,1,8,0,1,0,0,0,0,0,0,0,0,0,0,0,0,0,0,0,0
106490919,SUTTER MEDICAL CENTER OF SANTA ROSA, North Bay, North Bay,7,0,4,1,1,1,1,10,1,1,0,1,1,1,1,1,1,2,1,1,1,1,0
106490964,HEALDSBURG DISTRICT HOSPITAL, North Bay, North Bay,7,1,3,1,1,0,1,0,0,0,0,0,1,1,1,1,1,1,1,0,0,0,0
106491001,PETALUMA VALLEY HOSPITAL, North Bay, North Bay,7,1,2,1,1,0,1,10,1,1,0,0,1,1,1,0,1,1,0,1,1,1,0
106491064,SANTA ROSA MEMORIAL HOSPITAL-MONTGOMERY, North Bay, North Bay,7,1,4,1,1,1,1,16,1,2,0,0,1,1,1,1,2,3,1,1,1,1,0
106491076,SONOMA VALLEY HOSPITAL, North Bay, North Bay,7,1,3,1,1,0,1,7,1,1,0,1,1,1,1,0,1,1,1,1,1,0,0
106491338,PALM DRIVE HOSPITAL, North Bay, North Bay,7,0,4,1,1,0,1,0,0,0,0,0,1,1,1,1,1,1,1,0,0,0,0
106494019,KAISER FND HOSP - SANTA ROSA, North Bay, North Bay,7,1,2,1,1,1,1,17,1,1,0,1,1,1,1,1,1,2,1,2,1,1,0
106494048,"AURORA BEHAVIORAL HEALTHCARE-SANTA ROSA, LLC", North Bay, North Bay,7,1,2,2,3,0,1,0,0,0,4,0,0,0,0,0,0,0,0,0,0,0,0
106494106,SUTTER SANTA ROSA REGIONAL HOSPITAL, North Bay, North Bay,7,1,6,1,1,1,1,20,1,1,0,1,1,1,1,1,1,1,1,1,1,1,0
106500852,DOCTORS MEDICAL CENTER, North San Joaquin, North San Joaquin,8,1,3,1,1,3,1,0,2,2,0,1,1,1,1,1,3,3,1,2,2,2,1
106500867,EMANUEL MEDICAL CENTER, North San Joaquin, North San Joaquin,8,1,3,1,1,1,1,8,1,1,0,0,1,1,1,0,2,2,0,1,1,1,0
106500939,MEMORIAL HOSPITAL MEDICAL CENTER - MODESTO, North San Joaquin, North San Joaquin,8,1,3,1,1,1,2,30,1,1,0,0,1,1,1,0,3,3,1,2,1,1,0
106500954,CENTRAL VALLEY SPECIALTY HOSPITAL, North San Joaquin, North San Joaquin,8,1,4,1,1,0,1,0,0,0,0,0,0,0,1,0,0,0,0,0,0,0,0
106500967,OAK VALLEY DISTRICT HOSPITAL (2-RH), North San Joaquin, North San Joaquin,8,1,3,1,1,0,1,0,0,0,0,0,1,1,1,1,1,1,1,0,0,0,0
106501016,DOCTORS MEDICAL CENTER-BEHAVIORAL HEALTH DEPARTMENT, North San Joaquin, North San Joaquin,8,1,2,1,3,0,1,0,0,0,0,0,0,0,0,0,0,0,0,0,0,0,0
106504038,STANISLAUS SURGICAL HOSPITAL, North San Joaquin, North San Joaquin,8,1,1,1,1,0,1,0,0,0,0,0,0,0,0,0,0,1,1,0,0,0,0
106504042,KAISER FND HOSP-MODESTO, North San Joaquin, North San Joaquin,8,1,1,1,1,2,1,10,2,1,0,1,1,1,1,1,1,3,1,2,1,1,0
106504081,TELECARE STANISLAUS COUNTY PHF, North San Joaquin, North San Joaquin,8,1,6,3,3,0,1,0,0,0,0,0,0,0,0,0,0,0,0,0,0,0,0
106510882,FREMONT MEDICAL CENTER, Golden Empire, Golden Empire,3,1,3,1,1,1,1,28,1,1,0,0,0,0,0,0,0,1,0,2,1,1,0
106514001,SUTTER-YUBA PSYCHIATRIC HEALTH FACILITY, Golden Empire, Golden Empire,3,1,2,3,3,0,1,0,0,0,0,0,0,0,0,0,0,0,0,0,0,0,0
106514030,SUTTER SURGICAL HOSPITAL-NORTH VALLEY, Golden Empire, Golden Empire,3,1,1,1,1,0,1,0,0,0,0,0,0,0,0,0,0,1,1,0,0,0,0
106514033,NORTH VALLEY BEHAVIORAL HEALTH, Golden Empire, Golden Empire,3,1,1,3,3,0,1,0,0,0,0,0,0,0,1,1,0,0,0,0,0,0,0
106521041,ST. ELIZABETH COMMUNITY HOSPITAL, Northern California, Northern California,9,1,4,1,1,0,1,2,1,1,0,0,1,1,1,0,1,1,1,1,1,0,0
106531059,TRINITY HOSPITAL, Northern California, Northern California,9,1,4,1,1,0,1,0,0,0,0,0,1,1,1,1,1,1,1,1,1,1,0
106540734,KAWEAH DELTA MEDICAL CENTER, Central, Central,1,1,3,1,1,1,2,32,3,1,0,0,1,1,1,1,3,3,0,3,2,1,1
106540798,SIERRA VIEW MEDICAL CENTER, Central, Central,1,1,3,1,1,1,1,0,1,1,0,0,1,1,1,1,1,2,1,1,1,1,0
106540816,TULARE REGIONAL MEDICAL CENTER, Central, Central,1,1,4,1,1,1,1,12,1,1,0,0,1,1,1,1,1,2,1,1,1,1,0
106541123,PORTERVILLE DEVELOPMENTAL CENTER, Central, Central,1,1,4,1,7,0,3,0,0,0,0,0,0,0,0,0,0,0,0,0,0,0,0
106544009,KAWEAH DELTA  MENTAL HEALTH HOSPITAL D/P APH, Central, Central,1,1,2,1,3,0,1,0,0,0,0,0,0,0,0,0,0,0,0,0,0,0,0
106552209,SONORA REGIONAL MEDICAL CENTER - FAIRVIEW, North San Joaquin, North San Joaquin,8,1,3,1,1,0,1,0,0,0,0,0,0,0,0,0,0,0,0,0,0,0,0
106554011,SONORA REGIONAL MEDICAL CENTER - GREENLEY, North San Joaquin, North San Joaquin,8,1,1,1,1,0,1,12,1,2,0,0,1,1,1,0,1,2,1,1,1,1,1
106560203,AURORA VISTA DEL MAR HOSPITAL, Santa Barbara/Ventura, Santa Barbara/Ventura,12,1,2,2,3,0,1,0,0,0,14,0,0,0,1,0,0,0,0,0,0,0,0
106560473,COMMUNITY MEMORIAL HOSPITAL-SAN BUENAVENTURA, Santa Barbara/Ventura, Santa Barbara/Ventura,12,1,4,1,1,1,1,20,2,1,0,1,1,1,1,1,2,3,1,2,1,1,0
106560481,VENTURA COUNTY MEDICAL CENTER, Santa Barbara/Ventura, Santa Barbara/Ventura,12,1,4,1,1,2,1,40,1,2,0,1,1,1,1,0,1,3,1,1,1,1,0
106560492,LOS ROBLES HOSPITAL AND MEDICAL CENTER, Santa Barbara/Ventura, Santa Barbara/Ventura,12,1,3,1,1,1,1,22,1,2,0,1,1,1,1,1,3,3,1,1,1,1,0
106560501,OJAI VALLEY COMMUNITY HOSPITAL, Santa Barbara/Ventura, Santa Barbara/Ventura,12,1,3,1,1,0,1,0,0,0,0,0,1,1,1,1,1,1,1,0,0,0,0
106560508,ST. JOHNS PLEASANT VALLEY HOSPITAL, Santa Barbara/Ventura, Santa Barbara/Ventura,12,1,3,1,1,0,1,0,0,0,0,0,1,1,1,1,1,1,0,0,0,0,0
106560521,VENTURA COUNTY MEDICAL CENTER - SANTA PAULA  HOSPITAL, Santa Barbara/Ventura, Santa Barbara/Ventura,12,1,3,1,1,0,1,12,1,2,0,0,1,1,1,0,1,1,1,1,1,0,0
106560525,SIMI VALLEY HOSPITAL AND HEALTH CARE SVCS-SYCAMORE, Santa Barbara/Ventura, Santa Barbara/Ventura,12,1,3,1,1,1,1,18,1,1,0,0,1,1,1,1,1,2,1,1,1,1,0
106560529,ST. JOHNS REGIONAL MEDICAL CENTER, Santa Barbara/Ventura, Santa Barbara/Ventura,12,1,4,1,1,1,1,5,2,2,0,0,1,1,1,1,2,2,0,2,1,1,0
106560838,PACIFIC SHORES HOSPITAL, Santa Barbara/Ventura, Santa Barbara/Ventura,12,1,3,2,3,0,1,0,0,0,0,0,0,0,0,0,0,0,0,0,0,0,0
106564018,LOS ROBLES HOSPITAL AND MEDICAL CENTER - EAST CAMPUS, Santa Barbara/Ventura, Santa Barbara/Ventura,12,1,2,1,8,0,1,0,0,0,0,0,0,0,0,0,0,0,0,0,0,0,0
106564121,"THOUSAND OAKS SURGICAL HOSPITAL, a campus of Los Robles Hosp AND Med Ctr", Santa Barbara/Ventura, Santa Barbara/Ventura,12,1,1,1,1,0,1,0,0,0,0,0,0,0,0,0,0,2,0,0,0,0,0
106571086,WOODLAND MEMORIAL HOSPITAL, Golden Empire, Golden Empire,3,1,3,1,1,1,1,7,1,1,0,1,1,1,1,1,1,2,1,1,1,1,0
106574010,SUTTER DAVIS HOSPITAL, Golden Empire, Golden Empire,3,1,2,1,1,0,1,14,1,2,0,1,1,1,1,1,1,1,1,1,1,0,0
106580996,RIDEOUT MEMORIAL HOSPITAL, Golden Empire, Golden Empire,3,1,4,1,1,0,1,0,0,0,0,0,1,1,1,0,2,2,1,0,0,0,0
206100718,COMMUNITY SUBACUTE AND TRANSITIONAL CARE CENTER, Central, Central,1,1,3,1,2,0,1,0,0,0,0,0,0,0,0,0,0,0,0,0,0,0,0
206351814,HAZEL HAWKINS MEMORIAL HOSPITAL D/P SNF,Mid-Coast,Mid-Coast,0,1,3,1,2,0,1,0,0,0,0,1,0,0,0,0,0,0,0,0,0,0,0