OSHPD_ID,FAC_NAME,F1,F2,F3,F4,F5,F6,F7,F8,F9,F10,F11,F12,F13,F14,F15,F16,F17,F18,F19,F20,F21,F22
OSHPD_ID,FAC_NAME,LIC_STATUS,C_YOP,TYPE_LIC,TYPE_SVC_PRINCIPAL,NICU_BED_LIC,HOSP_BED_LIC_TOTL,NEWBORN_NURSRY_BASSINETS,NEWBORN_NURSRY_INFANTS,PER_STAY_PER_BABY,PSY_CENS_PATIENT_<=17,INPATIENT_PALLIATIVE_CARE_PROG_OFFERED,ANESTHESIOLOGIST,OP_AVAILABILITY,PHYSICIAN_A,PSY_A,EMS_ADM_VIS_TOTL,SURG_IP,AMB_SURG_PROG,BIRTHS_LIVE_TOTL,BIRTHS_LIVE_<5LBS_9OZ,BIRTHS_LIVE_<3LBS_6OZ,EQUIP_ACQ_OVER_500K
106010735,ALAMEDA HOSPITAL,1,4,1,1,0,1,0,0,0,0,0,1,1,1,0,1,1,0,0,0,0,0
106010739,ALTA BATES SUMMIT MED CTR-ALTA BATES CAMPUS,1,4,1,1,3,1,80,3,2,0,1,1,1,1,1,2,3,1,4,3,3,0
106010776,CHILDRENS HOSPITAL AND RESEARCH CTR AT OAKLAND,1,4,1,5,3,1,0,0,0,0,0,1,1,1,1,2,3,1,0,0,0,1
106010782,THUNDER ROAD CHEMICAL DEPENDENCY RECOVERY HOSPITAL,1,3,4,4,0,1,0,0,0,0,0,0,0,0,0,0,0,0,0,0,0,0
106010811,FAIRMONT HOSPITAL,1,4,1,2,0,1,0,0,0,0,0,0,0,0,0,0,0,0,0,0,0,0
106010844,ALTA BATES SUMMIT MED CTR-HERRICK CAMPUS,1,4,1,3,0,1,0,0,0,4,0,0,0,0,0,0,0,0,0,0,0,0
106010846,HIGHLAND HOSPITAL,1,4,1,1,1,1,20,1,1,0,1,1,1,1,1,2,3,1,1,1,1,0
106010856,KAISER FND HOSP - OAKLAND CAMPUS,0,4,1,0,1,1,0,0,0,0,0,0,0,0,0,0,0,0,0,0,0,0
106010858,KAISER FND HOSP - HAYWARD/FREMONT,0,3,1,1,1,1,20,1,1,0,1,1,1,1,1,1,1,0,1,1,1,0
106010887,KINDRED HOSPITAL - SAN FRANCISCO BAY AREA,1,3,1,1,0,1,0,0,0,0,0,0,0,0,0,0,1,0,0,0,0,0
106010937,ALTA BATES SUMMIT MED CTR-SUMMIT CAMPUS-HAWTHORNE,1,4,1,1,0,2,0,0,0,0,1,1,1,1,1,2,3,1,0,0,0,0
106010967,ST. ROSE HOSPITAL,1,3,1,1,0,1,24,1,2,0,0,1,1,1,0,1,2,1,1,1,1,0
106010983,VALLEY MEMORIAL HOSPITAL,1,3,1,2,0,1,0,0,0,0,0,0,0,0,0,0,0,0,0,0,0,0
106010987,WASHINGTON HOSPITAL - FREMONT,1,3,1,1,1,1,22,1,2,0,0,1,1,1,1,2,3,0,1,1,1,0
106013619,SAN LEANDRO HOSPITAL,1,3,1,1,0,1,0,0,0,0,0,1,1,1,1,1,1,1,0,0,0,0
106013626,ALTA BATES SUMMIT MED CTR-SUMMIT CAMPUS-SUMMIT,1,4,1,1,0,1,0,0,0,0,0,0,0,0,0,0,0,1,0,0,0,0
106013687,MPI CHEMICAL DEPENDENCY RECOVERY HOSPITAL,1,2,4,4,0,1,0,0,0,0,0,0,0,0,0,0,0,0,0,0,0,0
106014034,FREMONT HOSPITAL,1,2,2,3,0,1,0,0,0,8,0,0,0,0,0,0,0,0,0,0,0,0
106014050,VALLEYCARE MEDICAL CENTER,1,2,1,1,1,1,0,1,2,0,0,1,1,1,0,2,3,1,1,1,1,0
106014132,KAISER FND HOSP - FREMONT,1,1,1,1,0,1,0,0,0,0,1,1,1,1,1,1,2,0,0,0,0,0
106014207,TELECARE HERITAGE PSYCHIATRIC HEALTH FACILITY,1,1,3,3,0,1,0,0,0,0,0,0,0,1,0,0,0,0,0,0,0,0
106014226,TELECARE WILLOW ROCK CENTER,1,1,3,3,0,1,0,0,0,8,0,0,0,0,0,0,0,0,0,0,0,0
106014233,EDEN MEDICAL CENTER,1,6,1,1,0,1,11,1,2,0,1,1,1,1,1,1,2,0,1,1,1,0
106014326,KAISER FND HOSP - OAKLAND/RICHMOND,1,6,1,1,2,1,6,2,1,0,1,1,1,1,1,2,3,1,2,2,1,0
106014337,KAISER FND HOSP - SAN LEANDRO,1,6,1,1,1,1,8,1,1,0,1,1,1,1,1,1,2,0,1,1,1,0
106034002,SUTTER AMADOR HOSPITAL,1,1,1,1,0,1,8,1,1,0,0,1,1,1,0,1,1,0,1,0,0,0
106040802,BIGGS GRIDLEY MEMORIAL HOSPITAL,1,4,1,1,0,1,0,0,0,0,0,0,0,1,0,1,1,0,0,0,0,0
106040828,ENLOE MEDICAL CENTER - COHASSET,1,3,1,3,0,1,0,0,0,0,0,0,0,0,0,0,0,0,0,0,0,0
106040875,FEATHER RIVER HOSPITAL,1,4,1,1,0,1,18,1,2,0,0,1,1,1,1,1,2,1,1,1,1,1
106040937,OROVILLE HOSPITAL,1,3,1,1,0,1,10,1,2,0,1,1,1,1,1,2,2,1,1,1,1,0
106040962,ENLOE MEDICAL CENTER- ESPLANADE,1,4,1,1,1,1,22,1,2,0,1,1,1,1,0,3,3,1,1,1,1,1
106044006,BUTTE COUNTY MENTAL HEALTH SERVICES,1,2,3,3,0,1,0,0,0,0,0,0,0,0,0,0,0,0,0,0,0,0
106044011,ENLOE REHABILITATION CENTER,1,2,1,6,0,1,0,0,0,0,0,0,0,0,0,0,0,0,0,0,0,0
106050932,MARK TWAIN MEDICAL CENTER,1,4,1,1,0,1,0,0,0,0,1,1,1,1,0,1,1,1,0,0,0,1
106060870,COLUSA REGIONAL MEDICAL CENTER,1,4,1,1,0,1,6,1,2,0,0,1,1,1,0,1,1,1,1,1,0,0
106070904,DOCTORS MEDICAL CENTER - SAN PABLO,0,4,1,1,0,1,0,0,0,0,0,1,1,1,1,1,1,1,1,0,0,0
106070924,CONTRA COSTA REGIONAL MEDICAL CENTER,1,4,1,1,1,1,6,2,1,0,1,1,1,1,1,1,2,0,2,1,1,0
106070934,SUTTER DELTA MEDICAL CENTER,1,3,1,1,1,1,20,1,2,0,1,1,1,1,1,2,2,1,1,1,1,0
106070988,JOHN MUIR MEDICAL CENTER-WALNUT CREEK CAMPUS,1,3,1,1,3,2,0,2,2,0,1,1,1,1,1,2,3,0,2,2,1,1
106070990,KAISER FND HOSP - WALNUT CREEK,1,4,1,1,2,1,32,2,1,0,1,1,1,1,1,2,2,1,2,2,2,1
106071018,JOHN MUIR MEDICAL CENTER-CONCORD CAMPUS,1,4,1,1,0,1,0,0,0,0,1,1,1,1,1,2,3,0,0,0,0,1
106074011,SAN RAMON REGIONAL MEDICAL CENTER SOUTH BUILDING,1,2,1,8,0,1,0,0,0,0,0,0,0,0,0,0,0,0,0,0,0,0
106074017,SAN RAMON REGIONAL MEDICAL CENTER,1,2,1,1,1,1,17,1,2,0,0,1,1,1,0,1,2,1,1,1,1,0
106074039,JOHN MUIR BEHAVIORAL HEALTH CENTER,1,2,2,3,0,1,0,0,0,5,0,0,0,0,0,0,0,0,0,0,0,0
106074093,KAISER FND HOSP - RICHMOND CAMPUS,1,2,1,1,0,1,0,0,0,0,1,1,1,1,1,1,1,1,0,0,0,0
106074097,KAISER FOUND HSP-ANTIOCH,1,1,1,1,1,1,10,1,1,0,1,1,1,1,1,1,2,0,1,1,0,0
106084001,SUTTER COAST HOSPITAL,1,4,1,1,0,1,4,1,1,0,0,1,1,1,1,1,1,1,1,1,0,0
106090793,BARTON MEMORIAL HOSPITAL,1,3,1,1,0,1,9,1,1,0,0,1,1,1,1,1,1,1,1,1,1,0
106090933,MARSHALL  MEDICAL CENTER (1-RH),1,3,1,1,0,1,12,1,1,0,1,1,1,1,0,1,2,1,1,1,0,1
106094002,EL DORADO COUNTY P H F,1,2,3,3,0,1,0,0,0,0,0,0,0,0,0,0,0,0,0,0,0,0
106100005,CLOVIS COMMUNITY MEDICAL CENTER,1,2,1,1,1,1,8,3,1,0,1,1,1,1,0,1,3,1,3,2,1,1
106100697,COALINGA REGIONAL MEDICAL CENTER,1,4,1,1,0,1,0,0,0,0,0,0,0,1,1,1,0,0,1,0,0,0
106100717,COMMUNITY REGIONAL MEDICAL CENTER-FRESNO,1,4,1,1,5,2,70,3,1,0,0,1,1,1,1,3,3,1,4,3,3,1
106100793,ADVENTIST MEDICAL CENTER-SELMA,1,3,1,1,0,1,15,1,2,0,0,1,1,1,0,1,1,0,1,1,0,0
106100797,ADVENTIST MEDICAL CENTER - REEDLEY,1,3,1,1,0,1,25,1,1,0,0,1,1,1,0,1,1,1,1,1,1,0
106100899,ST. AGNES MEDICAL CENTER,1,3,1,1,0,2,30,2,1,0,1,1,1,1,1,3,3,0,2,1,2,1
106104008,COMMUNITY BEHAVIORAL HEALTH CENTER,1,2,1,3,0,1,0,0,0,0,0,0,0,0,0,0,0,0,0,0,0,0
106104023,SAN JOAQUIN VALLEY REHABILITATION HOSPITAL,1,2,1,6,0,1,0,0,0,0,0,0,0,0,0,0,0,0,0,0,0,0
106104047,FRESNO SURGICAL HOSPITAL,1,2,1,1,0,1,0,0,0,0,0,0,0,0,0,0,2,1,0,0,0,0
106104062,KAISER FND HOSP - FRESNO,1,2,1,1,1,1,0,1,1,0,1,1,1,1,1,1,2,1,1,1,1,0
106104089,CRESTWOOD PSYCHIATRIC HEALTH FACILITY-FRESNO,1,1,3,3,0,1,0,0,0,0,0,0,0,0,0,0,0,0,0,0,0,0
106105029,FRESNO HEART AND SURGICAL HOSPITAL,1,1,1,1,0,1,0,0,0,0,0,0,0,0,0,0,2,1,0,0,0,1
106105051,DEPARTMENT OF STATE HOSPITAL - COALINGA,1,1,2,3,0,3,0,0,0,0,0,0,0,0,0,0,0,0,0,0,0,0
106110889,GLENN MEDICAL CENTER,1,4,1,1,0,1,0,0,0,0,0,0,0,1,0,1,0,1,0,0,0,0
106120981,"GENERAL HOSPITAL, THE",1,4,1,1,0,1,0,0,0,0,0,0,0,0,0,0,0,1,0,0,0,0
106121002,MAD RIVER COMMUNITY HOSPITAL,1,3,1,1,0,1,0,1,1,0,0,1,1,1,0,1,1,1,1,1,1,0
106121031,JEROLD PHELPS COMMUNITY HOSPITAL,1,3,1,8,0,1,0,0,0,0,0,0,0,1,0,0,0,0,0,0,0,0
106121051,REDWOOD MEMORIAL HOSPITAL,1,3,1,1,0,1,8,1,1,0,1,1,1,1,0,1,1,1,1,1,0,0
106121080,ST. JOSEPH HOSPITAL - EUREKA,1,4,1,1,1,1,14,1,1,0,1,1,1,1,0,1,2,1,1,1,1,0
106124004,SEMPERVIRENS P.H.F.,1,2,3,3,0,1,0,0,0,0,0,0,0,0,0,0,0,0,0,0,0,0
106130699,EL CENTRO REGIONAL MEDICAL CENTER,1,3,1,1,0,1,19,1,2,0,0,1,1,1,1,1,1,1,1,1,1,0
106130760,PIONEERS MEMORIAL HEALTHCARE DISTRICT,1,4,1,1,1,1,25,1,1,0,0,1,1,1,1,1,2,1,1,1,1,0
106141273,NORTHERN INYO HOSPITAL,1,4,1,1,0,1,6,1,1,0,0,1,1,1,1,1,1,0,1,1,1,0
106141338,SOUTHERN INYO HOSPITAL,1,4,1,2,0,1,0,0,0,0,0,0,0,1,0,1,0,0,0,0,0,0
106150706,DELANO REGIONAL MEDICAL CENTER,1,3,1,1,0,1,20,1,2,0,0,1,1,1,0,1,2,1,1,1,1,0
106150722,BAKERSFIELD MEMORIAL HOSPITAL,1,3,1,1,2,2,10,2,1,0,0,1,1,1,0,2,3,0,2,1,1,1
106150736,KERN MEDICAL CENTER,1,4,1,1,2,1,0,2,1,0,0,1,1,1,1,1,3,0,2,2,1,0
106150737,KERN VALLEY HEALTHCARE DISTRICT,1,3,1,2,0,1,0,0,0,0,0,0,0,1,0,1,1,1,1,0,0,0
106150761,MERCY HOSPITAL - BAKERSFIELD,1,4,1,1,0,1,0,0,0,0,1,1,1,1,0,1,2,1,0,0,0,0
106150775,GOOD SAMARITAN HOSPITAL-BAKERSFIELD,1,3,1,3,0,1,0,0,0,6,0,1,1,1,0,0,1,0,0,0,0,0
106150782,RIDGECREST REGIONAL HOSPITAL,1,4,1,1,0,1,0,1,1,0,0,1,1,1,0,1,1,0,1,1,0,0
106150788,SAN JOAQUIN COMMUNITY HOSPITAL,1,3,1,1,1,1,23,2,1,0,1,1,1,1,1,3,3,1,2,1,1,0
106150808,TEHACHAPI HOSPITAL,1,4,1,1,0,1,0,0,0,0,0,0,0,1,0,1,0,0,0,0,0,0
106154022,HEALTHSOUTH BAKERSFIELD REHABILITATION HOSPITAL,1,2,1,6,0,1,0,0,0,0,0,0,0,0,0,0,0,0,0,0,0,0
106154101,BAKERSFIELD HEART HOSPITAL,1,1,1,1,0,1,0,0,0,0,0,1,1,1,1,1,1,0,0,0,0,0
106154108,MERCY SOUTHWEST HOSPITAL,1,2,1,1,1,1,18,0,0,0,1,1,1,1,0,1,2,1,2,1,1,1
106154160,CRESTWOOD PSYCHIATRIC HEALTH FACILITY 2,1,1,3,3,0,1,0,0,0,0,0,0,0,0,0,0,0,0,0,0,0,0
106160787,CENTRAL VALLEY GENERAL HOSPITAL,1,4,1,1,0,1,6,2,1,0,0,0,0,0,0,0,1,0,2,1,1,0
106164029,ADVENTIST MEDICAL CENTER,1,1,1,1,0,1,0,0,0,0,0,1,1,1,1,2,2,1,0,0,0,0
106171049,ST. HELENA HOSPITAL - CLEARLAKE,1,3,1,1,0,1,4,1,1,0,0,1,1,1,0,1,1,1,1,1,1,0
106171395,SUTTER LAKESIDE HOSPITAL,1,2,1,1,0,1,6,1,1,0,0,1,1,1,0,1,1,1,1,1,1,0
106184008,BANNER LASSEN MEDICAL CENTER,1,1,1,1,0,1,6,1,1,0,0,1,1,1,0,1,1,0,1,1,1,0
106190017,ALHAMBRA HOSPITAL MEDICAL CENTER,1,4,1,1,0,1,0,0,0,0,0,1,1,1,1,1,1,1,0,0,0,0
106190020,BHC ALHAMBRA HOSPITAL,1,4,2,3,0,1,0,0,0,23,0,0,0,0,0,0,0,0,0,0,0,0
106190034,ANTELOPE VALLEY HOSPITAL,1,4,1,1,3,2,0,3,1,0,1,1,1,1,1,3,3,1,3,3,3,1
106190045,CATALINA ISLAND MEDICAL CENTER,1,4,1,1,0,1,0,0,0,0,0,0,0,1,0,1,0,0,0,0,0,0
106190049,KINDRED HOSPITAL BALDWIN PARK,1,4,1,1,0,1,0,0,0,0,0,0,0,0,0,0,1,0,0,0,0,0
106190052,BARLOW RESPIRATORY HOSPITAL,1,4,1,1,0,1,0,0,0,0,0,0,0,1,0,0,0,0,0,0,0,0
106190053,ST. MARY MEDICAL CENTER - LONG BEACH,1,4,1,1,2,1,25,2,2,0,1,1,1,1,0,2,2,1,2,1,1,0
106190081,BEVERLY HOSPITAL,1,4,1,1,1,1,17,1,1,0,0,1,1,1,1,1,2,0,1,1,1,0
106190110,SOUTHERN CALIFORNIA HOSPITAL AT CULVER CITY,1,4,1,1,0,2,0,0,0,0,0,1,1,1,1,2,1,0,0,0,0,0
106190125,CALIFORNIA HOSPITAL MEDICAL CENTER - LOS ANGELES,1,4,1,1,2,1,61,2,2,0,0,1,1,1,1,2,3,1,3,2,2,0
106190137,CASA COLINA HOSPITAL FOR REHAB MEDICINE,1,3,1,6,0,1,0,0,0,0,0,0,0,0,0,0,0,0,0,0,0,1
106190148,CENTINELA HOSPITAL MEDICAL CENTER,1,4,1,1,1,1,29,1,2,0,0,1,1,1,1,3,2,0,1,1,1,1
106190150,KEDREN COMMUNITY MENTAL HEALTH CENTER,1,3,2,3,0,1,0,0,0,9,0,0,0,0,0,0,0,0,0,0,0,0
106190155,CENTURY CITY DOCTORS HOSPITAL,0,3,1,0,0,1,0,0,0,0,0,0,0,0,0,0,0,0,0,0,0,0
106190159,GARDENS REGIONAL HOSPITAL AND MEDICAL CENTER,1,3,1,1,0,1,0,0,0,0,0,1,1,1,1,1,2,1,0,0,0,0
106190163,AURORA CHARTER OAK,1,4,2,3,0,1,0,0,0,10,0,0,0,1,0,0,0,0,0,0,0,0
106190170,CHILDRENS HOSPITAL OF LOS ANGELES,1,4,1,5,5,2,0,0,0,0,1,1,1,1,1,2,3,1,0,0,0,1
106190176,CITY OF HOPE HELFORD CLINICAL RESEARCH HOSPITAL,1,4,1,8,0,1,0,0,0,0,1,0,0,0,0,0,3,1,0,0,0,1
106190184,COLLEGE HOSPITAL,1,3,2,3,0,1,0,0,0,20,0,0,0,0,0,0,0,0,0,0,0,0
106190196,KINDRED HOSPITAL SOUTH BAY,1,3,1,8,0,1,0,0,0,0,0,1,1,1,0,0,1,0,0,0,0,0
106190197,COMMUNITY HOSPITAL OF HUNTINGTON PARK,1,3,1,1,0,1,0,0,0,0,0,1,1,1,1,1,1,1,0,0,0,0
106190198,LOS ANGELES COMMUNITY HOSPITAL,1,3,1,1,0,1,16,1,2,0,0,1,1,1,1,1,2,0,1,1,0,0
106190200,SAN GABRIEL VALLEY MEDICAL CENTER,1,3,1,1,1,1,22,2,2,0,0,1,1,1,1,1,2,1,2,1,1,0
106190232,DEL AMO HOSPITAL,1,3,2,3,0,1,0,0,0,11,0,0,0,0,0,0,0,0,0,0,0,0
106190240,LAKEWOOD REGIONAL MEDICAL CENTER,1,3,1,1,0,1,0,0,0,0,0,1,1,1,0,2,2,0,0,0,0,1
106190243,PIH HOSPITAL - DOWNEY,1,3,1,1,1,1,17,1,1,0,0,1,1,1,1,2,2,1,1,1,1,1
106190256,EAST LOS ANGELES DOCTORS HOSPITAL,1,4,1,1,0,1,13,1,2,0,0,1,1,1,1,1,1,1,1,1,1,0
106190280,ENCINO HOSPITAL MEDICAL CENTER,1,4,1,1,0,1,0,0,0,0,0,1,1,1,1,1,1,1,0,0,0,0
106190298,FOOTHILL PRESBYTERIAN HOSPITAL-JOHNSTON MEMORIAL,1,3,1,1,0,1,8,1,1,0,1,1,1,1,0,1,2,1,1,1,1,0
106190305,KINDRED HOSPITAL - LOS ANGELES,1,3,1,1,0,1,0,0,0,0,0,0,0,0,0,0,1,0,0,0,0,0
106190307,PACIFIC ALLIANCE MEDICAL CENTER,1,4,1,1,0,1,12,2,2,0,0,0,0,0,0,0,2,1,2,1,1,1
106190315,GARFIELD MEDICAL CENTER,1,4,1,1,1,1,26,3,2,0,0,1,1,1,1,2,2,1,3,2,1,0
106190317,GATEWAYS HOSPITAL AND MENTAL HEALTH CENTER,1,3,2,3,0,1,0,0,0,7,0,0,0,0,0,0,0,0,0,0,0,0
106190323,GLENDALE ADVENTIST MEDICAL CENTER,1,4,1,1,1,2,22,2,1,0,0,1,1,1,0,3,3,0,2,1,1,0
106190328,GLENDORA COMMUNITY HOSPITAL,1,3,1,1,0,1,0,1,1,0,0,1,1,1,1,1,1,0,1,1,0,0
106190352,GREATER EL MONTE COMMUNITY HOSPITAL,1,3,1,1,0,1,13,1,2,0,0,1,1,1,1,1,1,0,1,1,0,0
106190380,SOUTHERN CALIFORNIA HOSPITAL AT HOLLYWOOD,1,3,1,1,0,1,0,0,0,0,0,1,1,1,1,0,1,0,0,0,0,0
106190382,HOLLYWOOD PRESBYTERIAN MEDICAL CENTER,1,4,1,1,1,2,35,2,2,0,0,1,1,1,0,2,2,1,2,2,1,1
106190385,PROVIDENCE HOLY CROSS MEDICAL CENTER,1,3,1,1,1,1,24,2,2,0,1,1,1,1,1,2,3,1,2,1,1,0
106190392,GOOD SAMARITAN HOSPITAL-LOS ANGELES,1,4,1,1,2,2,10,2,2,0,0,1,1,1,0,1,3,1,2,2,1,0
106190400,HUNTINGTON MEMORIAL HOSPITAL,1,4,1,1,3,2,48,2,2,0,1,1,1,1,1,3,3,0,2,2,2,0
106190410,SILVER LAKE MEDICAL CENTER-INGLESIDE CAMPUS,1,4,1,3,0,1,0,0,0,0,0,0,0,1,0,0,0,0,0,0,0,0
106190413,CITRUS VALLEY MEDICAL CENTER - IC CAMPUS,1,4,1,1,0,1,0,0,0,0,1,1,1,1,0,2,2,1,0,0,0,0
106190422,TORRANCE MEMORIAL MEDICAL CENTER,1,3,1,1,2,2,28,2,2,0,1,1,1,1,1,3,3,1,2,1,1,1
106190429,KAISER FND HOSP - LOS ANGELES,1,4,1,1,2,2,0,2,1,0,1,1,1,1,1,2,3,1,2,2,2,1
106190431,KAISER FND HOSP - SOUTH BAY,1,3,1,1,1,1,0,2,1,0,1,1,1,1,1,2,3,1,2,1,1,0
106190432,KAISER FND HOSP - PANORAMA CITY,1,3,1,1,2,1,29,1,1,0,1,1,1,1,1,1,3,1,2,1,2,0
106190434,KAISER FND HOSP - WEST LA,1,3,1,1,1,1,28,1,1,0,1,1,1,1,1,2,3,0,1,1,1,0
106190449,KINDRED HOSPITAL - LA MIRADA,1,3,1,1,0,1,0,0,0,0,0,0,0,0,0,0,1,0,0,0,0,0
106190458,KINDRED HOSPITAL - SAN GABRIEL VALLEY,1,4,1,1,0,1,0,0,0,0,0,0,0,0,0,0,1,0,0,0,0,0
106190462,AURORA LAS ENCINAS HOSPITAL,1,4,2,3,0,1,0,0,0,0,0,0,0,1,0,0,0,0,0,0,0,0
106190468,PROMISE HOSPITAL OF EAST LOS ANGELES-EAST L.A. CAMPUS,1,4,1,1,0,1,0,0,0,0,0,0,0,0,0,0,1,0,0,0,0,0
106190470,PROVIDENCE LITTLE COMPANY OF MARY MC - TORRANCE,1,3,1,1,2,2,22,2,2,0,1,1,1,1,1,3,3,1,2,1,1,1
106190475,COMMUNITY HOSPITAL LONG BEACH,1,4,1,1,1,1,0,0,0,0,0,1,1,1,1,1,1,1,0,0,0,0
106190500,MARINA DEL REY HOSPITAL,1,3,1,1,0,1,0,0,0,0,0,1,1,1,1,1,2,0,0,0,0,0
106190517,PROVIDENCE TARZANA MEDICAL CENTER,1,3,1,1,2,1,31,2,2,0,1,1,1,1,1,2,3,1,2,2,1,0
106190521,MEMORIAL HOSPITAL OF GARDENA,1,4,1,1,0,1,18,1,2,0,0,1,1,1,1,1,2,1,1,1,1,0
106190522,GLENDALE MEMORIAL HOSPITAL AND HEALTH CENTER,1,4,1,1,1,1,14,1,2,0,1,1,1,1,1,2,2,1,1,1,1,0
106190524,MISSION COMMUNITY HOSPITAL - PANORAMA CAMPUS,1,3,1,1,0,1,0,0,0,0,0,1,1,1,1,2,2,0,0,0,0,0
106190525,LONG BEACH MEMORIAL MEDICAL CENTER,1,3,1,1,0,2,0,0,0,0,1,1,1,1,1,3,3,1,0,0,0,1
106190529,METHODIST HOSPITAL OF SOUTHERN CALIFORNIA,1,3,1,1,1,1,0,1,2,0,1,1,1,1,1,2,3,0,1,1,1,1
106190534,OLYMPIA MEDICAL CENTER,1,4,1,1,0,1,0,0,0,0,0,1,1,1,0,1,2,1,0,0,0,0
106190541,MONROVIA MEMORIAL HOSPITAL,1,4,1,1,0,1,0,0,0,0,0,0,0,0,0,0,1,0,0,0,0,0
106190547,MONTEREY PARK HOSPITAL,1,3,1,1,0,1,30,1,2,0,0,1,1,1,1,1,2,1,1,1,1,0
106190552,MOTION PICTURE AND TELEVISION HOSPITAL,1,4,1,1,0,1,0,0,0,0,1,0,0,0,0,0,0,0,0,0,0,0
106190555,CEDARS SINAI MEDICAL CENTER,1,4,1,1,3,3,80,3,2,0,1,1,1,1,1,3,3,0,4,3,2,1
106190568,NORTHRIDGE HOSPITAL MEDICAL CENTER,1,4,1,1,2,2,22,1,2,4,1,1,1,1,1,2,3,0,1,1,1,1
106190570,NORWALK COMMUNITY HOSPITAL,1,4,1,1,0,1,0,0,0,0,0,1,1,1,1,1,1,1,0,0,0,0
106190587,COLLEGE MEDICAL CENTER,1,4,1,1,0,1,9,1,2,0,0,1,1,1,1,1,1,0,1,1,1,0
106190599,PROMISE HOSPITAL OF EAST LOS ANGELES-SUBURBAN CAMPUS,1,3,1,1,0,1,0,0,0,0,0,0,0,0,0,0,1,1,0,0,0,0
106190630,POMONA VALLEY HOSPITAL MEDICAL CENTER,1,4,1,1,3,2,41,3,2,0,1,1,1,1,0,2,3,0,4,3,3,1
106190631,PRESBYTERIAN INTERCOMMUNITY HOSPITAL,1,3,1,1,2,2,0,2,1,0,0,1,1,1,1,3,3,0,3,2,1,1
106190636,CITRUS VALLEY MEDICAL CENTER - QV CAMPUS,1,3,1,1,2,1,50,2,1,0,1,1,1,1,0,2,3,1,3,2,2,0
106190646,KAISER FND HOSP - MENTAL HEALTH CENTER,1,4,1,3,0,1,0,0,0,0,0,0,0,0,0,0,0,0,0,0,0,0
106190661,SILVER LAKE MEDICAL CENTER-DOWNTOWN CAMPUS,1,3,1,1,0,1,0,0,0,0,0,1,1,1,1,0,1,1,0,0,0,0
106190673,SAN DIMAS COMMUNITY HOSPITAL,1,3,1,1,0,1,0,1,1,0,0,1,1,1,1,1,2,0,1,1,1,1
106190680,PROVIDENCE LITTLE COMPANY OF MARY MC - SAN PEDRO,1,4,1,1,0,1,18,1,2,0,1,1,1,1,1,1,1,0,1,1,0,0
106190681,MIRACLE MILE MEDICAL CENTER,1,4,1,1,0,1,0,0,0,0,0,1,1,1,1,0,1,0,0,0,0,0
106190687,SANTA MONICA - UCLA MEDICAL CENTER AND ORTHOPAEDIC HOSPITAL,1,4,1,1,1,1,35,1,2,0,1,1,1,1,1,2,3,1,1,1,1,1
106190696,PACIFICA HOSPITAL OF THE VALLEY,1,4,1,1,0,1,335,1,2,0,0,1,1,1,1,1,1,1,1,1,1,0
106190708,SHERMAN OAKS HOSPITAL,1,3,1,1,0,1,0,0,0,0,0,1,1,1,1,2,1,1,0,0,0,0
106190712,SHRINERS HOSPITAL FOR  CHILDREN,1,4,1,5,0,1,0,0,0,0,0,1,1,1,0,0,1,0,0,0,0,0
106190754,ST. FRANCIS MEDICAL CENTER,1,4,1,1,2,1,40,3,2,0,1,1,1,1,1,2,3,1,3,1,1,0
106190756,PROVIDENCE SAINT JOHNS HEALTH CENTER,1,4,1,1,1,1,24,2,3,0,1,1,1,1,1,2,3,1,2,1,1,0
106190758,PROVIDENCE SAINT JOSEPH MEDICAL CENTER,1,4,1,1,1,2,32,0,0,0,1,1,1,1,1,2,3,0,2,1,1,1
106190762,ST. VINCENT MEDICAL CENTER,1,4,1,1,0,1,0,0,0,0,0,1,1,1,0,3,2,0,1,0,0,0
106190766,COAST PLAZA HOSPITAL,1,3,1,1,0,1,0,0,0,0,0,1,1,1,1,1,1,1,0,0,0,0
106190782,TARZANA TREATMENT CENTER,1,3,2,3,0,1,0,0,0,0,0,0,0,0,0,0,0,0,0,0,0,0
106190784,TEMPLE COMMUNITY HOSPITAL,0,4,1,1,0,1,0,0,0,0,0,0,0,0,0,0,1,0,0,0,0,0
106190796,RONALD REAGAN UCLA MEDICAL CENTER,1,4,1,1,2,2,35,1,2,0,1,1,1,1,1,2,3,1,1,1,1,1
106190812,VALLEY PRESBYTERIAN HOSPITAL,1,3,1,1,2,1,58,2,2,0,0,1,1,1,1,2,3,0,2,1,2,0
106190818,USC VERDUGO HILLS HOSPITAL,1,3,1,1,0,1,14,1,2,0,0,1,1,1,0,1,2,1,1,1,0,0
106190854,LOS ANGELES METROPOLITAN MEDICAL CENTER,0,3,1,0,0,1,0,0,0,0,0,0,0,0,0,0,0,0,0,0,0,0
106190857,"DOCTORS HOSPITAL OF WEST COVINA, INC",1,3,1,1,0,1,0,0,0,0,0,0,0,0,0,0,1,0,0,0,0,0
106190859,WEST HILLS HOSPITAL AND MEDICAL CENTER,1,3,1,1,1,1,11,1,2,0,0,1,1,1,0,2,2,0,1,1,1,0
106190878,WHITE MEMORIAL MEDICAL CENTER,1,4,1,1,2,1,32,2,2,0,0,1,1,1,0,2,3,0,2,1,2,0
106190883,WHITTIER HOSPITAL MEDICAL CENTER,1,3,1,1,0,1,32,2,1,0,0,1,1,1,1,1,2,0,2,1,1,0
106190930,RESNICK NEUROPSYCHIATRIC HOSPITAL AT UCLA,1,3,2,3,0,1,0,0,0,17,0,0,0,0,0,0,0,0,0,0,0,0
106190949,HENRY MAYO NEWHALL HOSPITAL,1,3,1,1,1,1,19,1,1,0,1,1,1,1,1,2,3,1,1,1,1,0
106190958,DEPARTMENT OF STATE HOSPITAL-METROPOLITAN,1,6,2,3,0,3,0,0,0,0,0,0,0,0,0,0,0,0,0,0,0,0
106191014,LANTERMAN DEVELOPMENTAL CENTER,1,3,1,7,0,3,0,0,0,0,0,0,0,0,0,0,0,0,0,0,0,0
106191216,"USC KENNETH NORRIS, JR. CANCER HOSPITAL",1,2,1,8,0,1,0,0,0,0,1,0,0,0,0,0,1,1,0,0,0,0
106191225,TOM REDGATE MEMORIAL RECOVERY CENTER,1,2,4,4,0,1,0,0,0,0,0,0,0,0,0,0,0,0,0,0,0,0
106191227,LAC/HARBOR-UCLA MEDICAL CENTER,1,4,1,1,2,2,26,1,3,0,1,1,1,1,1,3,3,1,1,1,1,0
106191228,LAC+USC MEDICAL CENTER,1,4,1,1,2,2,0,1,2,6,1,1,1,1,1,3,3,0,1,1,2,0
106191230,MARTIN LUTHER KING JR.-HARBOR HOSPITAL,1,3,1,0,3,2,0,0,0,0,0,0,0,0,0,0,0,0,0,0,0,0
106191231,LOS ANGELES COUNTY OLIVE VIEW-UCLA MEDICAL CENTER,1,3,1,1,1,1,0,1,2,0,1,1,1,1,1,2,3,1,1,1,1,0
106191306,LAC/RANCHO LOS AMIGOS NATIONAL REHAB CENTER,1,3,1,1,0,1,0,0,0,0,0,0,0,0,0,0,1,1,0,0,0,0
106191450,KAISER FND HOSP - WOODLAND HILLS,1,2,1,1,1,1,18,1,1,0,0,1,1,1,1,2,3,1,1,1,1,0
106194010,AMERICAN RECOVERY CENTER,1,2,4,4,0,1,0,0,0,0,0,0,0,0,0,0,0,0,0,0,0,0
106194219,KECK HOSPITAL OF USC,1,2,1,1,0,2,0,0,0,0,1,0,0,0,0,0,3,1,0,0,0,1
106194967,STAR VIEW ADOLESCENT - P H F,1,1,3,3,0,1,0,0,0,14,0,0,0,0,0,0,0,0,0,0,0,0
106194981,LA CASA PSYCHIATRIC HEALTH FACILITY,1,1,3,3,0,1,0,0,0,0,0,0,0,0,0,0,0,0,0,0,0,0
106196035,KAISER FND HOSP - BALDWIN PARK,1,1,1,1,1,1,41,2,1,0,1,1,1,1,1,2,3,1,2,1,1,1
106196168,EARL AND LORAINE MILLER CHILDRENS HOSPITAL,1,1,1,5,6,1,48,3,2,0,1,0,0,0,0,0,3,1,4,3,3,0
106196403,KAISER FOUNDATION HOSPITAL - DOWNEY,1,1,1,1,3,1,0,2,1,0,1,1,1,1,1,3,3,1,2,2,2,0
106196404,JOYCE EISENBERG KEEFER MEDICAL CENTER,1,1,2,3,0,1,0,0,0,0,0,0,0,1,0,0,0,0,0,0,0,0
106196405,PALMDALE REGIONAL MEDICAL CENTER,1,1,1,1,0,1,0,0,0,0,0,1,1,1,0,2,3,1,0,0,0,0
106197931,EXODUS RECOVERY P.H.F.,1,6,3,3,0,1,0,0,0,0,0,0,0,0,0,0,0,0,0,0,0,0
106201281,MADERA COMMUNITY HOSPITAL,1,3,1,1,0,1,21,1,2,0,0,1,1,1,1,1,2,1,1,1,1,0
106204019,CHILDRENS HOSPITAL CENTRAL CALIFORNIA,1,1,1,5,6,1,0,0,0,0,1,1,1,1,1,2,3,1,0,0,0,0
106210992,KAISER FND HOSP - SAN RAFAEL,1,3,1,1,0,1,0,0,0,0,1,1,1,1,1,1,2,1,0,0,0,0
106210993,KENTFIELD REHABILITATION AND SPECIALTY HOSPITAL,1,3,1,1,0,1,0,0,0,0,0,0,0,0,0,0,0,0,0,0,0,0
106211006,MARIN GENERAL HOSPITAL,1,4,1,1,1,1,8,1,2,0,0,1,1,1,1,2,2,1,1,1,1,1
106214034,NOVATO COMMUNITY HOSPITAL,1,1,1,1,0,1,0,0,0,0,1,1,1,1,0,1,1,1,0,0,0,0
106220733,JOHN C FREMONT HEALTHCARE DISTRICT,1,4,1,1,0,1,0,0,0,0,0,0,0,1,0,1,0,1,0,0,0,0
106230949,FRANK R HOWARD MEMORIAL HOSPITAL,1,4,1,1,0,1,0,0,0,0,0,1,1,1,1,1,1,1,0,0,0,0
106231013,MENDOCINO COAST DISTRICT HOSPITAL,1,3,1,1,0,1,1,1,1,0,0,1,1,1,1,1,1,1,1,1,1,0
106231396,UKIAH VALLEY MEDICAL CENTER,1,2,1,1,1,1,0,1,2,0,0,1,1,1,1,1,2,1,1,1,1,0
106240924,MEMORIAL HOSPITAL LOS BANOS,1,3,1,1,0,1,12,1,1,0,0,1,1,1,0,1,1,0,1,1,1,0
106240942,MERCY MEDICAL CENTER - MERCED,1,4,1,1,0,1,30,2,1,0,1,1,1,1,0,2,2,1,2,1,2,0
106244027,MARIE GREEN PSYCHIATRIC CENTER - P H F,1,1,3,3,0,1,0,0,0,0,0,0,0,0,0,0,0,0,0,0,0,0
106250955,SURPRISE VALLEY COMMUNITY HOSPITAL,1,4,1,8,0,1,0,0,0,0,0,0,0,1,0,1,0,0,0,0,0,0
106250956,MODOC MEDICAL CENTER,1,4,1,1,0,1,0,1,1,0,0,0,0,1,0,1,1,1,1,0,0,0
106260011,MAMMOTH HOSPITAL,1,2,1,1,0,1,3,1,1,0,0,1,1,1,1,1,1,0,1,1,0,0
106270744,COMMUNITY HOSPITAL OF THE MONTEREY PENINSULA,1,3,1,1,1,1,8,1,1,0,1,1,1,1,1,2,3,1,1,1,1,0
106270777,GEORGE L MEE MEMORIAL HOSPITAL,1,3,1,1,0,1,0,1,1,0,0,1,1,1,0,1,1,0,1,1,1,0
106270875,SALINAS VALLEY MEMORIAL HOSPITAL,1,4,1,1,1,1,34,1,1,0,1,1,1,1,1,1,3,1,1,1,1,0
106274043,NATIVIDAD MEDICAL CENTER,1,1,1,1,1,1,18,2,2,0,1,1,0,1,0,1,2,0,2,1,1,0
106281047,QUEEN OF THE VALLEY HOSPITAL - NAPA,1,3,1,1,1,1,8,1,2,0,1,1,1,1,1,3,2,0,1,1,1,0
106281078,ST. HELENA HOSPITAL,1,4,1,1,0,1,0,1,1,0,0,1,1,1,1,1,2,1,1,1,1,0
106281266,NAPA STATE HOSPITAL,1,4,2,3,0,3,0,0,0,0,0,0,0,0,0,0,0,0,0,0,0,0
106291023,SIERRA NEVADA MEMORIAL HOSPITAL,1,3,1,1,0,1,10,1,2,0,1,1,1,1,0,1,2,1,1,1,1,0
106291053,TAHOE FOREST HOSPITAL,1,4,1,1,0,1,8,1,2,0,0,1,1,1,0,1,1,1,1,1,0,0
106300032,CHILDRENS HOSPITAL OF ORANGE COUNTY,1,2,1,5,4,1,0,0,0,0,0,1,1,1,1,2,3,1,0,0,0,0
106300225,ORANGE COAST MEMORIAL MEDICAL CENTER,1,2,1,1,1,1,20,1,2,0,1,1,1,1,0,2,3,1,1,1,1,1
106301097,ANAHEIM GENERAL HOSPITAL,0,3,1,0,0,1,0,0,0,0,0,0,0,0,0,0,0,0,0,0,0,0
106301098,AHMC ANAHEIM REGIONAL MEDICAL CENTER,1,3,1,1,1,1,12,1,1,0,0,1,1,1,1,2,3,0,1,1,1,0
106301109,ANAHEIM GENERAL HOSPITAL - BUENA PARK CAMPUS,0,3,1,0,0,1,0,0,0,0,0,0,0,0,0,0,0,0,0,0,0,0
106301127,KINDRED HOSPITAL BREA,1,2,1,1,0,1,0,0,0,0,0,1,1,1,0,0,1,0,0,0,0,0
106301132,KAISER FND HOSP - ORANGE COUNTY - LAKEVIEW,0,3,1,0,1,1,0,0,0,0,0,0,0,0,0,0,0,0,0,0,0,0
106301140,CHAPMAN MEDICAL CENTER,1,3,1,1,0,1,0,0,0,0,0,1,1,1,0,1,1,1,0,0,0,0
106301155,COLLEGE HOSPITAL COSTA MESA,1,3,1,3,0,1,0,0,0,9,0,1,1,1,1,0,1,1,0,0,0,0
106301167,KINDRED HOSPITAL - SANTA ANA,1,3,1,1,0,1,0,0,0,0,0,0,0,0,0,0,1,0,0,0,0,0
106301175,FOUNTAIN VALLEY RGNL HOSP AND MED CTR - EUCLID,1,3,1,1,2,1,55,2,2,0,0,1,1,1,1,2,3,1,2,1,1,0
106301188,WESTERN MEDICAL CENTER ANAHEIM,1,3,1,1,1,1,14,1,2,0,0,1,1,1,1,1,1,1,1,1,1,0
106301205,HOAG MEMORIAL HOSPITAL PRESBYTERIAN,1,4,1,1,2,2,28,3,2,0,1,1,1,1,1,3,3,1,4,2,1,1
106301209,HUNTINGTON BEACH HOSPITAL,1,3,1,1,0,1,0,0,0,0,0,1,1,1,1,1,1,0,0,0,0,0
106301234,LA PALMA INTERCOMMUNITY HOSPITAL,1,3,1,1,0,1,13,1,2,0,0,1,1,1,1,1,1,0,1,1,1,0
106301248,LOS ALAMITOS MEDICAL CENTER,1,3,1,1,0,1,19,1,2,0,0,1,1,1,1,2,2,0,1,1,1,1
106301258,COASTAL COMMUNITIES HOSPITAL,1,3,1,1,0,1,20,1,2,0,0,1,1,1,1,1,2,1,1,1,1,0
106301262,MISSION HOSPITAL REGIONAL MEDICAL CENTER,1,3,1,1,0,1,20,2,2,0,1,1,1,1,0,3,3,0,2,1,1,1
106301279,UNIVERSITY OF CALIFORNIA IRVINE MEDICAL CENTER,1,4,1,1,3,2,35,1,1,6,1,1,1,1,1,3,3,1,1,1,2,0
106301283,GARDEN GROVE HOSPITAL AND MEDICAL CENTER,1,3,1,1,1,1,12,1,1,0,0,1,1,1,1,1,1,0,1,1,0,0
106301297,PLACENTIA LINDA HOSPITAL,1,3,1,1,0,1,0,0,0,0,0,1,1,1,1,1,2,0,0,0,0,1
106301304,NEWPORT BAY HOSPITAL,1,3,2,3,0,1,0,0,0,0,0,0,0,0,0,0,0,0,0,0,0,0
106301317,SADDLEBACK MEMORIAL MEDICAL CENTER,1,3,1,1,1,1,24,2,2,0,0,1,1,1,1,2,3,1,2,1,1,1
106301325,SADDLEBACK MEMORIAL MEDICAL CENTER - SAN CLEMENTE,1,3,1,1,0,1,0,0,0,0,0,1,1,1,1,1,1,0,0,0,0,0
106301337,MISSION HOSPITAL LAGUNA BEACH,1,3,1,1,0,1,0,0,0,0,0,1,1,1,0,1,1,0,0,0,0,0
106301340,ST. JOSEPH HOSPITAL - ORANGE,1,3,1,1,0,2,51,3,1,0,1,1,1,1,1,2,3,1,3,2,2,0
106301342,ST. JUDE MEDICAL CENTER,1,3,1,1,1,1,12,2,1,0,1,1,1,1,1,2,3,1,2,1,1,0
106301357,NEWPORT SPECIALTY HOSPITAL,1,3,1,2,0,1,0,0,0,0,0,0,0,1,0,0,0,0,0,0,0,0
106301379,WEST ANAHEIM MEDICAL CENTER,1,3,1,1,0,1,0,0,0,0,0,1,1,1,1,2,1,0,0,0,0,0
106301380,KINDRED HOSPITAL WESTMINSTER,1,3,1,1,0,1,0,0,0,0,0,0,0,0,0,0,1,0,0,0,0,0
106301566,WESTERN MEDICAL CENTER - SANTA ANA,1,3,1,1,1,1,16,1,1,0,0,1,1,1,0,1,3,1,1,1,1,0
106301781,FAIRVIEW DEVELOPMENTAL CENTER,1,3,1,7,0,3,0,0,0,0,0,0,0,0,0,0,0,0,0,0,0,0
106304039,FOUNTAIN VALLEY RGNL HOSP AND MED CTR - WARNER,1,2,1,1,0,1,0,0,0,0,0,0,0,0,0,0,0,0,0,0,0,0
106304045,HOAG HOSPITAL IRVINE,1,2,1,1,0,1,0,0,0,0,1,1,1,1,1,1,2,1,0,0,0,0
106304079,HEALTHSOUTH TUSTIN REHABILITATION HOSPITAL,1,2,1,6,0,1,0,0,0,0,0,0,0,0,0,0,0,0,0,0,0,0
106304113,CHILDRENS HOSPITAL AT MISSION,1,2,1,5,2,1,0,0,0,0,1,1,1,1,0,1,1,1,0,0,0,0
106304159,HEALTHBRIDGE CHILDRENS HOSPITAL-ORANGE,1,1,1,5,0,1,0,0,0,0,0,0,0,0,0,0,0,0,0,0,0,0
106304306,KAISER FND HOSP - ORANGE COUNTY - IRVINE,1,1,1,1,1,1,8,2,1,0,1,1,1,1,1,2,3,1,2,1,1,0
106304409,KAISER FND HOSP - ORANGE COUNTY - ANAHEIM,1,6,1,1,1,1,8,2,1,0,1,1,1,1,1,2,3,1,2,2,2,0
106304460,HOAG ORTHOPEDIC INSTITUTE,1,1,1,1,0,1,0,0,0,0,0,1,1,1,0,0,3,1,0,0,0,0
106310791,SUTTER AUBURN FAITH HOSPITAL,1,3,1,1,0,1,0,0,0,0,1,1,1,1,1,1,1,1,0,0,0,0
106311000,SUTTER ROSEVILLE MEDICAL CENTER,1,1,1,1,1,1,0,2,1,0,1,1,1,1,1,3,3,1,2,1,1,0
106314024,KAISER FND HOSP - ROSEVILLE,1,1,1,1,3,1,30,3,1,0,1,1,1,1,1,2,3,1,3,3,3,1
106314029,TELECARE PLACER COUNTY PSYCHIATRIC HEALTH FACILITY,1,2,3,3,0,1,0,0,0,0,0,0,0,1,0,0,0,0,0,0,0,0
106320859,EASTERN PLUMAS HOSPITAL-PORTOLA CAMPUS,1,3,1,1,0,1,0,0,0,0,0,1,1,1,0,1,0,0,0,0,0,0
106320986,PLUMAS DISTRICT HOSPITAL,1,3,1,1,0,1,0,1,1,0,0,1,1,1,0,1,1,0,1,1,0,0
106321016,SENECA HEALTHCARE DISTRICT,1,4,1,1,0,1,0,0,0,0,0,1,0,1,0,1,1,0,0,0,0,0
106330120,"BETTY FORD CENTER AT EISENHOWER, THE",1,2,4,4,0,1,0,0,0,0,0,0,0,0,0,0,0,0,0,0,0,0
106331145,CORONA REGIONAL MEDICAL CENTER-MAGNOLIA,1,3,1,3,0,1,0,0,0,0,0,0,0,0,0,0,0,0,0,0,0,0
106331152,CORONA REGIONAL MEDICAL CENTER-MAIN,1,3,1,1,0,1,12,1,1,0,1,1,1,1,1,2,2,1,1,1,1,1
106331164,DESERT REGIONAL MEDICAL CENTER,1,4,1,1,2,1,5,2,1,0,0,1,1,1,1,3,3,1,2,2,2,0
106331168,EISENHOWER MEDICAL CENTER,1,3,1,1,0,2,0,0,0,0,0,1,1,1,1,3,3,1,0,0,0,0
106331194,HEMET VALLEY MEDICAL CENTER,1,4,1,1,0,2,18,1,1,0,0,1,1,1,1,2,2,1,1,1,1,0
106331216,JOHN F KENNEDY MEMORIAL HOSPITAL,1,3,1,1,1,1,35,2,1,0,0,1,1,1,0,1,3,1,2,1,1,0
106331226,VISTA BEHAVIORAL HOSPITAL,1,3,2,3,0,1,0,0,0,0,0,0,0,1,0,0,0,0,0,0,0,0
106331288,PALO VERDE HOSPITAL,1,4,1,1,0,1,6,1,2,0,0,1,1,1,0,1,1,1,1,0,0,0
106331293,PARKVIEW COMMUNITY HOSPITAL MEDICAL CENTER,1,3,1,1,1,1,20,2,1,0,1,1,1,1,1,2,3,1,2,1,1,1
106331312,RIVERSIDE COMMUNITY HOSPITAL,1,4,1,1,1,1,21,2,1,0,0,1,1,1,1,3,3,0,2,1,1,1
106331326,SAN GORGONIO MEMORIAL HOSPITAL,1,4,1,1,0,1,10,1,1,0,0,1,1,1,1,1,1,0,1,1,0,0
106332172,KINDRED HOSPITAL RIVERSIDE,1,2,1,1,0,1,0,0,0,0,0,0,0,0,0,0,1,0,0,0,0,0
106334001,SOUTHWEST HEALTHCARE SYSTEM-WILDOMAR,1,2,1,1,0,1,0,0,0,0,0,1,1,1,1,2,3,1,0,0,0,0
106334018,MENIFEE VALLEY MEDICAL CENTER,1,2,1,1,0,1,0,0,0,0,0,1,1,1,1,1,1,0,0,0,0,0
106334025,KAISER FND HOSP - RIVERSIDE,1,2,1,1,1,1,6,2,1,0,1,1,1,1,1,1,3,0,2,1,1,1
106334048,KAISER FND HOSPITAL - MORENO VALLEY,1,2,1,1,0,1,12,1,1,0,1,1,1,1,1,1,1,0,1,1,1,0
106334068,SOUTHWEST HEALTHCARE SYSTEM-MURRIETA,1,2,1,1,0,1,8,2,1,0,0,1,1,1,1,1,2,1,2,1,1,0
106334457,TELECARE RIVERSIDE COUNTY PSYCHIATRIC HEALTH FACILITY,1,2,3,3,0,1,0,0,0,0,0,0,0,0,0,0,0,0,0,0,0,0
106334487,RIVERSIDE COUNTY REGIONAL MEDICAL CENTER,1,1,1,1,2,2,35,1,2,1,1,1,1,1,1,3,3,1,1,1,1,0
106334564,TEMECULA VALLEY HOSPITAL,1,6,1,1,0,1,0,0,0,0,0,1,1,1,1,1,1,1,0,0,0,0
106334589,LOMA LINDA UNIVERSITY MEDICAL CENTER-MURRIETA,1,1,1,1,0,1,14,1,1,0,0,1,1,1,0,2,3,0,1,1,1,0
106340913,KAISER FND HOSP - SACRAMENTO,1,3,1,1,0,1,0,0,0,0,1,1,1,1,1,2,3,1,0,0,0,0
106340947,MERCY GENERAL HOSPITAL,1,4,1,1,0,2,2038,0,0,0,1,1,1,1,1,2,3,1,2,1,1,1
106340950,MERCY SAN JUAN HOSPITAL,1,3,1,1,2,1,60,1,2,0,1,1,1,1,0,3,3,1,2,3,3,0
106340951,METHODIST HOSPITAL OF SACRAMENTO,1,3,1,1,1,1,30,1,1,0,1,1,1,1,0,2,2,1,1,1,1,0
106341006,UNIVERSITY OF CALIFORNIA DAVIS MEDICAL CENTER,1,4,1,1,3,2,10,1,2,0,1,1,1,1,1,3,3,1,1,2,1,0
106341051,SUTTER GENERAL HOSPITAL,1,2,1,1,0,1,0,0,0,0,1,1,1,1,1,2,3,1,0,0,0,0
106341052,SUTTER MEMORIAL HOSPITAL,0,4,1,1,3,1,44,3,1,0,1,1,1,1,1,1,3,0,3,3,3,0
106342344,KAISER FND HOSP - SOUTH SACRAMENTO,1,2,1,1,1,1,0,2,1,0,0,1,1,1,0,2,3,0,2,1,1,0
106342392,SIERRA VISTA HOSPITAL,1,2,2,3,0,1,0,0,0,16,1,0,0,0,0,0,0,0,0,0,0,0
106344011,SACRAMENTO MENTAL HEALTH TREATMENT CENTER,1,2,3,3,0,1,0,0,0,0,0,0,0,0,0,0,0,0,0,0,0,0
106344017,SUTTER CENTER FOR PSYCHIATRY,1,2,2,3,0,1,0,0,0,4,0,0,0,0,0,0,0,0,0,0,0,0
106344021,HERITAGE OAKS HOSPITAL,1,2,2,3,0,1,0,0,0,9,0,0,0,0,0,0,0,0,0,0,0,0
106344029,MERCY HOSPITAL - FOLSOM,1,2,1,1,0,1,8,1,2,0,1,1,1,1,1,2,2,1,1,1,1,0
106344035,VIBRA HOSPITAL OF SACRAMENTO,1,3,1,1,0,1,0,0,0,0,0,0,0,0,0,0,1,0,0,0,0,0
106344114,SHRINERS HOSPITALS FOR CHILDREN NORTHERN CALIF.,1,1,1,5,0,1,0,0,0,0,0,0,0,0,0,0,2,1,0,0,0,0
106344170,CRESTWOOD PSYCHIATRIC HEALTH FACILITY-CARMICHAEL,1,1,3,3,0,1,0,0,0,0,0,0,0,0,0,0,0,0,0,0,0,0
106344188,CRESTWOOD PSYCHIATRIC HEALTH FACILITY-SACRAMENTO,1,6,3,3,0,1,0,0,0,0,0,0,0,0,0,0,0,0,0,0,0,0
106350784,HAZEL HAWKINS MEMORIAL HOSPITAL,1,3,1,1,0,1,13,1,2,0,1,1,1,1,0,1,1,1,1,1,0,1
106361110,BEAR VALLEY COMMUNITY HOSPITAL,1,3,1,1,0,1,0,0,0,0,0,1,1,1,0,1,1,0,0,0,0,0
106361144,CHINO VALLEY MEDICAL CENTER,1,3,1,1,0,1,0,0,0,0,0,1,1,1,1,1,1,0,0,0,0,0
106361166,MONTCLAIR HOSPITAL MEDICAL CENTER,1,3,1,1,0,1,0,1,2,0,0,1,1,1,1,1,1,0,1,1,1,0
106361223,KAISER FND HOSP - FONTANA,1,4,1,1,2,2,0,2,1,0,0,1,1,1,1,2,3,1,2,2,2,0
106361245,LOMA LINDA UNIV. MED. CENTER EAST CAMPUS HOSPITAL,1,3,1,1,0,1,0,0,0,0,0,1,0,1,0,0,2,1,0,0,0,0
106361246,LOMA LINDA UNIVERSITY MEDICAL CENTER,1,4,1,1,0,1,11,2,2,0,1,1,1,1,1,2,3,1,2,2,2,1
106361266,MOUNTAINS COMMUNITY HOSPITAL,1,4,1,1,0,1,0,0,0,0,0,0,1,1,0,1,1,0,0,0,0,0
106361274,KINDRED HOSPITAL ONTARIO,1,4,1,8,0,1,0,0,0,0,0,1,1,1,0,0,1,0,0,0,0,0
106361308,REDLANDS COMMUNITY HOSPITAL,1,4,1,1,1,1,0,2,1,0,1,1,1,1,1,2,3,1,2,1,1,0
106361318,SAN ANTONIO COMMUNITY HOSPITAL,1,4,1,1,1,1,28,1,2,0,1,1,1,1,0,2,3,1,2,1,1,1
106361323,COMMUNITY HOSPITAL OF SAN BERNARDINO,1,3,1,1,1,1,0,1,2,0,1,1,1,1,1,2,2,1,2,1,1,0
106361339,ST. BERNARDINE MEDICAL CENTER,1,4,1,1,1,2,33,1,1,0,1,1,1,1,0,2,3,1,2,1,1,0
106361343,ST. MARY MEDICAL CENTER - APPLE VALLEY,1,3,1,1,1,1,16,1,1,0,1,1,1,1,0,2,3,1,2,1,1,0
106361370,VICTOR VALLEY GLOBAL MEDICAL CENTER,1,3,1,1,1,1,13,1,1,0,0,1,1,1,1,1,2,1,1,1,1,0
106361458,COLORADO RIVER MEDICAL CENTER,1,4,1,1,0,1,0,0,0,0,0,1,1,1,0,1,1,1,0,0,0,0
106361768,PATTON STATE HOSPITAL,1,3,2,3,0,3,0,0,0,0,0,0,0,1,0,0,0,0,0,0,0,0
106362041,HI-DESERT MEDICAL CENTER,1,3,1,1,0,1,7,1,1,0,0,1,1,1,1,1,1,1,1,1,0,1
106364014,LOMA LINDA UNIVERSITY BEHAVIORAL MEDICINE CENTER,1,2,2,3,0,1,0,0,0,17,0,0,0,0,0,0,0,0,0,0,0,0
106364050,CANYON RIDGE HOSPITAL,1,2,2,3,0,1,0,0,0,14,0,0,0,0,0,0,0,0,0,0,0,0
106364121,BALLARD REHABILITATION HOSPITAL,1,2,1,6,0,1,0,0,0,0,0,0,0,0,0,0,0,0,0,0,0,0
106364144,DESERT VALLEY HOSPITAL,1,2,1,1,0,1,0,0,0,0,0,1,1,1,0,2,2,0,1,1,1,0
106364188,KINDRED HOSPITAL RANCHO,1,2,1,1,0,1,0,0,0,0,0,1,1,1,0,0,1,0,0,0,0,0
106364231,ARROWHEAD REGIONAL MEDICAL CENTER,1,1,1,1,2,2,30,2,2,0,1,1,1,1,1,3,3,0,2,2,1,0
106364265,KAISER ONTARIO MEDICAL CENTER CAMPUS,1,6,1,1,1,1,0,1,1,0,0,1,1,1,1,1,2,1,2,1,1,0
106364268,LOMA LINDA UNIVERSITY HEART AND SURGICAL HOSPITAL,1,1,1,1,0,1,0,0,0,0,0,0,0,0,0,0,2,1,0,0,0,0
106364430,BARSTOW COMMUNITY HOSPITAL,1,6,1,1,0,1,6,1,1,0,0,1,1,1,0,1,1,1,1,1,1,0
106364451,TOTALLY KIDS REHABILITATION HOSPITAL,1,6,1,2,0,1,0,0,0,0,0,0,0,1,0,0,0,0,0,0,0,0
106364502,LOMA LINDA UNIVERSITY CHILDRENS HOSPITAL,1,6,1,1,5,1,1,1,2,0,0,1,1,1,1,1,1,1,1,1,1,0
106370652,ALVARADO HOSPITAL MEDICAL CENTER,1,3,1,1,0,1,0,0,0,0,0,1,1,1,1,1,2,0,0,0,0,0
106370658,SCRIPPS MERCY HOSPITAL - CHULA VISTA,1,3,1,1,1,1,30,1,1,0,1,1,1,1,1,2,2,1,1,1,1,1
106370673,RADY CHILDRENS HOSPITAL - SAN DIEGO,1,4,1,5,6,2,0,0,0,11,0,1,1,1,1,2,3,1,0,0,0,0
106370689,SHARP CORONADO HOSPITAL AND HEALTHCARE CENTER,1,4,1,2,0,1,0,0,0,0,0,1,1,1,1,1,2,1,0,0,0,0
106370694,SHARP MEMORIAL HOSPITAL,1,3,1,1,0,2,0,0,0,0,1,1,1,1,1,3,3,1,0,0,0,1
106370695,SHARP MARY BIRCH HOSPITAL FOR WOMEN AND NEWBORNS,1,1,1,1,5,1,40,3,2,0,0,0,0,0,0,0,3,0,4,3,3,0
106370714,GROSSMONT HOSPITAL,1,4,1,1,2,2,24,2,2,0,1,1,1,1,1,3,3,1,2,1,1,1
106370721,KINDRED HOSPITAL - SAN DIEGO,1,4,1,8,0,1,0,0,0,0,0,0,0,0,0,0,1,0,0,0,0,0
106370730,KAISER FND HOSP - SAN DIEGO,1,3,1,1,2,2,16,2,1,0,1,1,1,1,1,3,3,1,3,2,2,1
106370744,SCRIPPS MERCY HOSPITAL,1,4,1,1,1,2,40,1,1,0,1,1,1,1,1,3,3,1,1,1,1,1
106370745,SHARP MESA VISTA HOSPITAL,1,3,2,3,0,1,0,0,0,7,0,0,0,0,0,0,0,0,0,0,0,0
106370749,ALVARADO PARKWAY INSTITUTE B.H.S.,1,3,2,3,0,1,0,0,0,0,0,0,0,0,0,0,0,0,0,0,0,0
106370755,PALOMAR HEALTH DOWNTOWN CAMPUS,1,4,1,1,0,1,30,2,1,0,0,0,0,1,0,1,2,1,2,2,3,0
106370759,PARADISE VALLEY HOSPITAL,1,3,1,1,0,1,35,1,1,0,0,1,1,1,1,2,1,0,1,1,1,1
106370771,SCRIPPS MEMORIAL HOSPITAL - LA JOLLA,1,3,1,1,0,1,0,2,2,0,1,1,1,1,1,2,3,1,2,2,1,0
106370780,TRI-CITY MEDICAL CENTER,1,3,1,1,1,1,48,2,2,0,0,1,1,1,1,3,3,1,2,1,1,1
106370782,UNIVERSITY OF CALIF-SAN DIEGO MEDICAL CENTER,1,4,1,1,3,1,3,2,2,0,1,1,1,1,1,2,3,1,2,2,3,0
106370787,PROMISE HOSPITAL OF SAN DIEGO,1,3,1,1,0,1,0,0,0,0,0,1,1,1,0,0,1,1,0,0,0,0
106370875,SHARP CHULA VISTA MEDICAL CENTER,1,3,1,1,1,1,21,2,1,0,0,1,1,1,1,3,3,1,2,1,1,0
106370977,POMERADO HOSPITAL,1,2,1,1,1,1,19,1,1,0,0,1,1,1,0,1,2,1,1,1,1,0
106371256,SCRIPPS GREEN HOSPITAL,1,2,1,1,0,1,0,0,0,0,0,0,0,0,0,0,3,0,0,0,0,0
106371394,SCRIPPS MEMORIAL HOSPITAL - ENCINITAS,1,3,1,1,0,1,3,2,1,0,1,1,1,1,0,2,2,0,2,1,1,1
106374024,AURORA SAN DIEGO,1,2,2,3,0,1,0,0,0,16,0,0,0,0,0,0,0,0,0,0,0,0
106374049,SHARP MCDONALD CENTER,1,2,4,4,0,1,0,0,0,0,0,0,0,0,0,0,0,0,0,0,0,0
106374055,SAN DIEGO COUNTY PSYCHIATRIC HOSPITAL,1,2,2,3,0,1,0,0,0,0,0,0,0,1,1,0,0,0,0,0,0,0
106374063,ALVARADO HOSPITAL MEDICAL CENTER,1,2,1,6,0,1,0,0,0,0,0,1,1,1,1,0,0,0,0,0,0,0
106374094,VIBRA HOSPITAL OF SAN DIEGO,1,2,1,1,0,1,0,0,0,0,0,0,0,0,0,0,0,0,0,0,0,0
106374141,"UCSD-La Jolla, John M/Sally B Thornton Hosp AND Sulpizo Cardiovascular Center",1,2,1,1,0,1,0,0,0,0,1,1,1,1,1,1,3,1,0,0,0,0
106374382,PALOMAR MEDICAL CENTER,1,6,1,1,0,1,0,0,0,0,0,1,1,1,1,2,3,1,0,0,0,0
106380777,CALIFORNIA PACIFIC MED CTR-CALIFORNIA WEST,1,4,1,1,2,1,0,3,2,0,1,1,1,1,1,1,3,1,3,2,2,0
106380826,CALIFORNIA PACIFIC MED CTR-CALIFORNIA EAST,1,4,1,1,0,1,0,0,0,0,1,0,0,0,0,0,0,0,0,0,0,0
106380842,JEWISH HOME,1,2,2,3,0,2,0,0,0,0,0,0,0,0,0,0,0,0,0,0,0,0
106380857,KAISER FND HOSP - SAN FRANCISCO,1,4,1,1,2,1,22,2,1,0,1,1,1,1,1,1,3,1,2,2,1,0
106380865,LAGUNA HONDA HOSPITAL AND REHABILITATION CENTER,1,4,1,2,0,2,0,0,0,0,1,0,0,0,0,0,0,0,0,0,0,0
106380868,LANGLEY PORTER PSYCHIATRIC INSTITUTE,1,4,2,3,0,1,0,0,0,0,0,0,0,0,0,0,0,0,0,0,0,0
106380895,UCSF MEDICAL CENTER AT MOUNT ZION,1,4,1,1,0,1,0,0,0,0,1,0,0,0,0,0,2,1,0,0,0,0
106380929,CALIFORNIA PACIFIC MED CTR-PACIFIC CAMPUS,1,3,1,1,0,1,0,0,0,0,1,1,1,1,1,2,3,1,0,0,0,1
106380933,CALIFORNIA PACIFIC MED CTR-DAVIES CAMPUS,1,4,1,1,0,1,0,0,0,0,1,1,1,1,1,1,2,1,0,0,0,0
106380939,SAN FRANCISCO GENERAL HOSPITAL,1,4,1,1,1,2,0,1,2,0,1,1,1,1,1,3,3,1,1,1,1,0
106380960,ST. FRANCIS MEMORIAL HOSPITAL,1,4,1,1,0,1,0,0,0,0,1,1,1,1,1,1,2,1,0,0,0,0
106380964,CALIFORNIA PACIFIC MEDICAL CENTER - ST. LUKES CAMPUS,1,4,1,1,1,1,0,1,2,0,1,1,1,1,1,1,1,1,1,1,1,0
106380965,"ST. MARYS MEDICAL CENTER, SAN FRANCISCO",1,4,1,1,0,2,0,0,0,5,1,1,1,1,1,1,2,0,0,0,0,0
106381154,UCSF MEDICAL CENTER,1,5,1,1,3,2,26,1,2,0,1,1,1,1,1,2,3,1,2,2,2,1
106382715,CHINESE HOSPITAL,1,4,1,1,0,1,0,0,0,0,0,1,1,1,1,1,1,1,0,0,0,0
106384200,UCSF MEDICAL CENTER AT MISSION BAY,1,6,1,0,3,1,0,0,0,0,0,0,0,0,0,0,0,0,0,0,0,0
106390846,DAMERON HOSPITAL,1,4,1,1,1,1,24,1,1,0,0,1,1,1,0,1,2,0,1,1,2,0
106390922,LODI MEMORIAL HOSPITAL - WEST,0,3,1,1,0,1,0,0,0,0,0,0,0,0,0,0,0,0,0,0,0,0
106390923,LODI MEMORIAL HOSPITAL,1,4,1,1,0,1,15,1,1,0,1,1,1,1,1,2,2,0,1,1,1,0
106391010,SAN JOAQUIN GENERAL HOSPITAL,1,4,1,1,2,1,16,1,2,0,1,1,1,1,1,2,3,0,2,1,1,0
106391042,ST. JOSEPHS MEDICAL CENTER OF STOCKTON,1,4,1,1,2,1,27,2,2,0,1,1,1,1,1,3,3,1,2,1,1,1
106391056,SUTTER TRACY COMMUNITY HOSPITAL,1,4,1,1,0,1,8,1,2,0,0,1,1,1,0,1,1,1,1,1,1,0
106392232,ST. JOSEPHS BEHAVIORAL HEALTH CENTER,1,3,2,3,0,1,0,0,0,0,0,0,0,0,0,0,0,0,0,0,0,0
106392287,DOCTORS HOSPITAL OF MANTECA,1,3,1,1,0,1,6,1,1,0,0,1,1,1,1,1,1,1,1,1,1,0
106394003,SAN JOAQUIN COUNTY P.H.F.,1,2,3,3,0,1,0,0,0,0,0,0,0,0,0,0,0,0,0,0,0,0
106394009,KAISER FND HOSP-MANTECA,1,2,1,1,0,1,0,0,0,0,1,1,1,1,1,1,1,1,0,0,0,0
106400466,"MARIAN REGIONAL MEDICAL CENTER, ARROYO GRANDE",1,3,1,1,0,1,0,0,0,0,0,1,1,1,1,1,1,1,0,0,0,1
106400480,FRENCH HOSPITAL MEDICAL CENTER,1,3,1,1,0,1,8,1,2,0,0,1,1,1,1,1,2,1,1,1,0,1
106400524,SIERRA VISTA REGIONAL MEDICAL CENTER,1,3,1,1,2,1,22,1,2,0,0,1,1,1,1,1,2,1,1,1,1,0
106400548,TWIN CITIES COMMUNITY HOSPITAL,1,2,1,1,0,1,12,1,2,0,0,1,1,1,1,1,2,1,1,1,1,0
106400683,ATASCADERO STATE HOSPITAL,1,4,2,3,0,3,0,0,0,0,0,0,0,1,1,0,0,0,0,0,0,0
106404046,SAN LUIS OBISPO CO PSYCHIATRIC HEALTH FACILITY,1,1,3,3,0,1,0,0,0,0,0,0,0,0,0,0,0,0,0,0,0,0
106410742,MILLS  HEALTH CENTER,0,4,1,1,0,1,0,0,0,4,0,0,0,0,0,0,1,1,0,0,0,0
106410782,SAN MATEO MEDICAL CENTER,1,4,1,1,0,2,0,0,0,0,1,1,1,1,1,1,1,1,0,0,0,1
106410804,KAISER FND HOSP - REDWOOD CITY,0,3,1,1,1,1,24,3,1,0,1,1,1,1,1,1,3,1,1,1,1,0
106410806,KAISER FND HOSP - SOUTH SAN FRANCISCO,1,3,1,1,0,1,0,0,0,0,1,1,1,1,1,1,2,1,0,0,0,0
106410817,SETON MEDICAL CENTER,1,3,1,1,1,1,14,1,2,0,0,1,1,1,0,2,2,1,1,1,1,0
106410828,SETON COASTSIDE,1,3,1,2,0,1,0,0,0,0,0,0,0,1,0,0,0,0,0,0,0,0
106410852,MILLS-PENINSULA MEDICAL CENTER,1,4,1,1,1,1,0,2,2,0,1,1,1,1,1,2,3,1,2,1,1,0
106410891,SEQUOIA HOSPITAL,1,4,1,1,0,1,21,1,2,0,1,1,1,1,0,1,2,1,1,1,1,1
106414018,MENLO PARK SURGICAL HOSPITAL,1,2,1,1,0,1,0,0,0,0,0,0,0,0,0,0,1,1,0,0,0,0
106414139,KAISER FND HOSP - REDWOOD CITY,1,6,1,0,1,1,0,0,0,0,0,0,0,0,0,0,0,0,0,0,0,0
106420483,GOLETA VALLEY COTTAGE HOSPITAL,1,3,1,1,0,1,0,0,0,0,0,1,1,1,1,1,2,1,0,0,0,0
106420491,LOMPOC VALLEY MEDICAL CENTER,1,4,1,1,0,1,0,1,2,0,0,1,1,1,0,1,1,0,1,0,0,0
106420493,MARIAN REGIONAL MEDICAL CENTER,1,3,1,1,2,2,28,2,2,0,0,1,1,1,1,2,3,1,2,1,2,1
106420514,SANTA BARBARA COTTAGE HOSPITAL,1,4,1,1,2,2,34,2,2,0,1,1,1,1,1,2,3,1,2,1,1,1
106420522,SANTA YNEZ VALLEY COTTAGE HOSPITAL,1,3,1,1,0,1,0,0,0,0,0,0,0,1,1,1,0,1,0,0,0,0
106424002,SANTA BARBARA PSYCHIATRIC HEALTH FACILITY,1,2,3,3,0,1,0,0,0,0,0,0,0,0,0,0,0,0,0,0,0,0
106424047,COTTAGE REHABILITATION HOSPITAL,1,1,1,6,0,1,0,0,0,0,0,0,0,0,0,0,0,0,0,0,0,0
106424102,THE CHAMPION CENTER,1,6,4,0,0,1,0,0,0,0,0,0,0,0,0,0,0,0,0,0,0,0
106430705,REGIONAL MEDICAL OF SAN JOSE,1,3,1,1,1,1,20,1,2,0,1,1,1,1,1,3,3,1,1,1,1,1
106430743,EL CAMINO HOSPITAL LOS GATOS,1,3,1,1,1,1,8,1,2,0,0,1,1,1,0,1,2,1,1,1,1,0
106430763,EL CAMINO HOSPITAL,1,3,1,1,1,1,44,3,2,0,1,1,1,1,0,2,3,1,3,2,1,0
106430779,GOOD SAMARITAN HOSPITAL-SAN JOSE,1,3,1,1,3,2,29,2,2,0,0,0,0,1,0,2,3,0,2,2,2,1
106430837,OCONNOR HOSPITAL,1,4,1,1,1,1,10,2,2,0,1,1,1,1,1,2,3,1,2,1,1,0
106430883,SANTA CLARA VALLEY MEDICAL CENTER,1,4,1,1,2,2,0,2,2,0,1,1,1,1,1,3,3,1,2,2,1,1
106430905,STANFORD HOSPITAL,1,4,1,1,0,2,0,0,0,0,1,1,1,1,1,3,3,1,0,0,0,1
106430915,MISSION OAKS HOSPITAL,1,3,1,1,0,1,0,0,0,0,0,0,0,0,0,0,0,0,0,0,0,0
106431506,KAISER FND HOSP - SAN JOSE,1,3,1,1,1,1,32,2,1,0,1,1,1,1,0,2,3,1,2,1,1,0
106434040,LUCILE SALTER PACKARD CHILDRENS HOSP. AT STANFORD,1,2,1,5,4,1,64,2,2,0,0,0,0,0,0,0,2,1,2,3,2,1
106434051,CHILDRENS RECOVERY CENTER OF NORTHERN CALIFORNIA,1,2,1,2,0,1,0,0,0,0,0,0,0,0,0,0,0,0,0,0,0,0
106434138,ST. LOUISE REGIONAL HOSPITAL,1,1,1,1,0,1,20,1,1,0,0,1,1,1,0,1,1,0,1,1,1,0
106434153,KAISER FND HOSP - SANTA CLARA,1,1,1,1,2,1,28,3,1,0,1,1,1,1,0,2,3,1,3,2,2,0
106434218,KAISER PERMANENTE P.H.F - SANTA CLARA,1,1,3,3,0,1,0,0,0,0,0,0,0,0,0,0,0,0,0,0,0,0
106434220,CRESTWOOD PSYCHIATRIC HEALTH FACILITY-SAN JOSE,1,1,3,3,0,1,0,0,0,0,0,0,0,0,0,0,0,0,0,0,0,0
106440755,DOMINICAN HOSPITAL,1,3,1,1,1,1,25,1,2,0,1,1,1,1,1,2,3,1,1,1,1,0
106444012,SUTTER MATERNITY AND SURGERY CENTER OF SANTA CRUZ,1,2,1,1,0,1,12,1,2,0,0,0,0,0,0,0,1,1,1,1,0,0
106444013,WATSONVILLE COMMUNITY HOSPITAL,1,1,1,1,1,1,28,1,2,0,0,1,1,1,1,1,2,1,1,1,1,0
106444029,TELECARE SANTA CRUZ PHF,1,6,3,3,0,1,0,0,0,0,0,0,0,0,0,0,0,0,0,0,0,0
106450936,MAYERS MEMORIAL HOSPITAL,1,3,1,1,0,1,4,1,1,0,0,1,1,1,0,1,1,0,1,1,0,0
106450940,SHASTA REGIONAL MEDICAL CENTER,1,4,1,1,0,1,0,0,0,0,0,1,1,1,1,2,2,0,0,0,0,1
106450949,MERCY MEDICAL CENTER - REDDING,1,4,1,1,1,1,16,1,1,0,1,1,1,1,1,2,3,0,1,1,0,1
106454012,VIBRA HOSPITAL OF NORTHERN CALIFORNIA,1,2,1,8,0,1,0,0,0,0,0,0,0,1,0,0,0,0,0,0,0,0
106454013,PATIENTS HOSPITAL OF REDDING,1,2,1,1,0,1,0,0,0,0,0,1,1,1,0,0,1,0,0,0,0,0
106454068,RESTPADD PSYCHIATRIC HEALTH FACILITY,1,6,3,3,0,1,0,0,0,0,0,0,0,0,0,0,0,0,0,0,0,0
106470871,MERCY MEDICAL CENTER MT. SHASTA,1,3,1,1,0,1,4,1,1,0,0,1,1,1,0,1,1,1,1,1,0,0
106474007,FAIRCHILD MEDICAL CENTER,1,1,1,1,0,1,0,1,2,0,0,1,1,1,0,1,1,0,1,1,1,0
106480989,KAISER FND HOSP - REHABILITATION CENTER VALLEJO,1,3,1,1,1,1,22,1,1,0,1,1,1,1,1,1,2,0,1,1,1,0
106481015,ST. HELENA HOSPITAL CENTER FOR BEHAVIORAL HEALTH,1,3,2,3,0,1,0,0,0,13,0,0,0,0,0,0,0,0,0,0,0,0
106481094,SUTTER SOLANO MEDICAL CENTER,1,4,1,1,0,1,12,1,1,0,1,1,1,1,0,1,2,1,1,1,1,0
106481357,NORTH BAY MEDICAL CENTER,1,3,1,1,1,1,11,1,1,0,1,1,1,1,0,1,2,1,1,1,1,0
106484001,NORTH BAY VACAVALLEY HOSPITAL,1,2,1,1,0,1,0,0,0,0,1,1,1,1,0,1,1,1,0,0,0,0
106484044,KAISER FOUNDATION HOSPITAL - VACAVILLE,1,1,1,1,0,1,20,1,1,0,1,1,1,1,1,1,2,1,1,1,1,0
106484062,CRESTWOOD SOLANO PSYCHIATRIC HEALTH FACILITY,1,6,3,3,0,1,0,0,0,0,0,0,0,0,0,0,0,0,0,0,0,0
106490907,SANTA ROSA MEMORIAL HOSPITAL-SOTOYOME,1,3,1,8,0,1,0,0,0,0,0,0,0,0,0,0,0,0,0,0,0,0
106490919,SUTTER MEDICAL CENTER OF SANTA ROSA,0,4,1,1,1,1,10,1,1,0,1,1,1,1,1,1,2,1,1,1,1,0
106490964,HEALDSBURG DISTRICT HOSPITAL,1,3,1,1,0,1,0,0,0,0,0,1,1,1,1,1,1,1,0,0,0,0
106491001,PETALUMA VALLEY HOSPITAL,1,2,1,1,0,1,10,1,1,0,0,1,1,1,0,1,1,0,1,1,1,0
106491064,SANTA ROSA MEMORIAL HOSPITAL-MONTGOMERY,1,4,1,1,1,1,16,1,2,0,0,1,1,1,1,2,3,1,1,1,1,0
106491076,SONOMA VALLEY HOSPITAL,1,3,1,1,0,1,7,1,1,0,1,1,1,1,0,1,1,1,1,1,0,0
106491338,PALM DRIVE HOSPITAL,0,4,1,1,0,1,0,0,0,0,0,1,1,1,1,1,1,1,0,0,0,0
106494019,KAISER FND HOSP - SANTA ROSA,1,2,1,1,1,1,17,1,1,0,1,1,1,1,1,1,2,1,2,1,1,0
106494048,"AURORA BEHAVIORAL HEALTHCARE-SANTA ROSA, LLC",1,2,2,3,0,1,0,0,0,4,0,0,0,0,0,0,0,0,0,0,0,0
106494106,SUTTER SANTA ROSA REGIONAL HOSPITAL,1,6,1,1,1,1,20,1,1,0,1,1,1,1,1,1,1,1,1,1,1,0
106500852,DOCTORS MEDICAL CENTER,1,3,1,1,3,1,0,2,2,0,1,1,1,1,1,3,3,1,2,2,2,1
106500867,EMANUEL MEDICAL CENTER,1,3,1,1,1,1,8,1,1,0,0,1,1,1,0,2,2,0,1,1,1,0
106500939,MEMORIAL HOSPITAL MEDICAL CENTER - MODESTO,1,3,1,1,1,2,30,1,1,0,0,1,1,1,0,3,3,1,2,1,1,0
106500954,CENTRAL VALLEY SPECIALTY HOSPITAL,1,4,1,1,0,1,0,0,0,0,0,0,0,1,0,0,0,0,0,0,0,0
106500967,OAK VALLEY DISTRICT HOSPITAL (2-RH),1,3,1,1,0,1,0,0,0,0,0,1,1,1,1,1,1,1,0,0,0,0
106501016,DOCTORS MEDICAL CENTER-BEHAVIORAL HEALTH DEPARTMENT,1,2,1,3,0,1,0,0,0,0,0,0,0,0,0,0,0,0,0,0,0,0
106504038,STANISLAUS SURGICAL HOSPITAL,1,1,1,1,0,1,0,0,0,0,0,0,0,0,0,0,1,1,0,0,0,0
106504042,KAISER FND HOSP-MODESTO,1,1,1,1,2,1,10,2,1,0,1,1,1,1,1,1,3,1,2,1,1,0
106504081,TELECARE STANISLAUS COUNTY PHF,1,6,3,3,0,1,0,0,0,0,0,0,0,0,0,0,0,0,0,0,0,0
106510882,FREMONT MEDICAL CENTER,1,3,1,1,1,1,28,1,1,0,0,0,0,0,0,0,1,0,2,1,1,0
106514001,SUTTER-YUBA PSYCHIATRIC HEALTH FACILITY,1,2,3,3,0,1,0,0,0,0,0,0,0,0,0,0,0,0,0,0,0,0
106514030,SUTTER SURGICAL HOSPITAL-NORTH VALLEY,1,1,1,1,0,1,0,0,0,0,0,0,0,0,0,0,1,1,0,0,0,0
106514033,NORTH VALLEY BEHAVIORAL HEALTH,1,1,3,3,0,1,0,0,0,0,0,0,0,1,1,0,0,0,0,0,0,0
106521041,ST. ELIZABETH COMMUNITY HOSPITAL,1,4,1,1,0,1,2,1,1,0,0,1,1,1,0,1,1,1,1,1,0,0
106531059,TRINITY HOSPITAL,1,4,1,1,0,1,0,0,0,0,0,1,1,1,1,1,1,1,1,1,1,0
106540734,KAWEAH DELTA MEDICAL CENTER,1,3,1,1,1,2,32,3,1,0,0,1,1,1,1,3,3,0,3,2,1,1
106540798,SIERRA VIEW MEDICAL CENTER,1,3,1,1,1,1,0,1,1,0,0,1,1,1,1,1,2,1,1,1,1,0
106540816,TULARE REGIONAL MEDICAL CENTER,1,4,1,1,1,1,12,1,1,0,0,1,1,1,1,1,2,1,1,1,1,0
106541123,PORTERVILLE DEVELOPMENTAL CENTER,1,4,1,7,0,3,0,0,0,0,0,0,0,0,0,0,0,0,0,0,0,0
106544009,KAWEAH DELTA  MENTAL HEALTH HOSPITAL D/P APH,1,2,1,3,0,1,0,0,0,0,0,0,0,0,0,0,0,0,0,0,0,0
106552209,SONORA REGIONAL MEDICAL CENTER - FAIRVIEW,1,3,1,1,0,1,0,0,0,0,0,0,0,0,0,0,0,0,0,0,0,0
106554011,SONORA REGIONAL MEDICAL CENTER - GREENLEY,1,1,1,1,0,1,12,1,2,0,0,1,1,1,0,1,2,1,1,1,1,1
106560203,AURORA VISTA DEL MAR HOSPITAL,1,2,2,3,0,1,0,0,0,14,0,0,0,1,0,0,0,0,0,0,0,0
106560473,COMMUNITY MEMORIAL HOSPITAL-SAN BUENAVENTURA,1,4,1,1,1,1,20,2,1,0,1,1,1,1,1,2,3,1,2,1,1,0
106560481,VENTURA COUNTY MEDICAL CENTER,1,4,1,1,2,1,40,1,2,0,1,1,1,1,0,1,3,1,1,1,1,0
106560492,LOS ROBLES HOSPITAL AND MEDICAL CENTER,1,3,1,1,1,1,22,1,2,0,1,1,1,1,1,3,3,1,1,1,1,0
106560501,OJAI VALLEY COMMUNITY HOSPITAL,1,3,1,1,0,1,0,0,0,0,0,1,1,1,1,1,1,1,0,0,0,0
106560508,ST. JOHNS PLEASANT VALLEY HOSPITAL,1,3,1,1,0,1,0,0,0,0,0,1,1,1,1,1,1,0,0,0,0,0
106560521,VENTURA COUNTY MEDICAL CENTER - SANTA PAULA  HOSPITAL,1,3,1,1,0,1,12,1,2,0,0,1,1,1,0,1,1,1,1,1,0,0
106560525,SIMI VALLEY HOSPITAL AND HEALTH CARE SVCS-SYCAMORE,1,3,1,1,1,1,18,1,1,0,0,1,1,1,1,1,2,1,1,1,1,0
106560529,ST. JOHNS REGIONAL MEDICAL CENTER,1,4,1,1,1,1,5,2,2,0,0,1,1,1,1,2,2,0,2,1,1,0
106560838,PACIFIC SHORES HOSPITAL,1,3,2,3,0,1,0,0,0,0,0,0,0,0,0,0,0,0,0,0,0,0
106564018,LOS ROBLES HOSPITAL AND MEDICAL CENTER - EAST CAMPUS,1,2,1,8,0,1,0,0,0,0,0,0,0,0,0,0,0,0,0,0,0,0
106564121,"THOUSAND OAKS SURGICAL HOSPITAL, a campus of Los Robles Hosp AND Med Ctr",1,1,1,1,0,1,0,0,0,0,0,0,0,0,0,0,2,0,0,0,0,0
106571086,WOODLAND MEMORIAL HOSPITAL,1,3,1,1,1,1,7,1,1,0,1,1,1,1,1,1,2,1,1,1,1,0
106574010,SUTTER DAVIS HOSPITAL,1,2,1,1,0,1,14,1,2,0,1,1,1,1,1,1,1,1,1,1,0,0
106580996,RIDEOUT MEMORIAL HOSPITAL,1,4,1,1,0,1,0,0,0,0,0,1,1,1,0,2,2,1,0,0,0,0
206100718,COMMUNITY SUBACUTE AND TRANSITIONAL CARE CENTER,1,3,1,2,0,1,0,0,0,0,0,0,0,0,0,0,0,0,0,0,0,0
206351814,HAZEL HAWKINS MEMORIAL HOSPITAL D/P SNF,1,3,1,2,0,1,0,0,0,0,1,0,0,0,0,0,0,0,0,0,0,0
,n = 513,,,,,,,,,,,,,,,,,,,,,,